quarter,currency,usd_per_unit,fred_series,fred_value,source_url
1995Q1,AUD,0.748,EXUSAL,0.7480,https://fred.stlouisfed.org/graph/fredgraph.csv?id=EXUSAL&fq=Quarterly&fam=avg&cosd=1995-01-01
1995Q2,AUD,0.7275,EXUSAL,0.7275,https://fred.stlouisfed.org/graph/fredgraph.csv?id=EXUSAL&fq=Quarterly&fam=avg&cosd=1995-01-01
1995Q3,AUD,0.741,EXUSAL,0.7410,https://fred.stlouisfed.org/graph/fredgraph.csv?id=EXUSAL&fq=Quarterly&fam=avg&cosd=1995-01-01
1995Q4,AUD,0.7476,EXUSAL,0.7476,https://fred.stlouisfed.org/graph/fredgraph.csv?id=EXUSAL&fq=Quarterly&fam=avg&cosd=1995-01-01
1996Q1,AUD,0.7562,EXUSAL,0.7562,https://fred.stlouisfed.org/graph/fredgraph.csv?id=EXUSAL&fq=Quarterly&fam=avg&cosd=1995-01-01
1996Q2,AUD,0.7913,EXUSAL,0.7913,https://fred.stlouisfed.org/graph/fredgraph.csv?id=EXUSAL&fq=Quarterly&fam=avg&cosd=1995-01-01
1996Q3,AUD,0.7885,EXUSAL,0.7885,https://fred.stlouisfed.org/graph/fredgraph.csv?id=EXUSAL&fq=Quarterly&fam=avg&cosd=1995-01-01
1996Q4,AUD,0.7951,EXUSAL,0.7951,https://fred.stlouisfed.org/graph/fredgraph.csv?id=EXUSAL&fq=Quarterly&fam=avg&cosd=1995-01-01
1997Q1,AUD,0.7776,EXUSAL,0.7776,https://fred.stlouisfed.org/graph/fredgraph.csv?id=EXUSAL&fq=Quarterly&fam=avg&cosd=1995-01-01
1997Q2,AUD,0.7693,EXUSAL,0.7693,https://fred.stlouisfed.org/graph/fredgraph.csv?id=EXUSAL&fq=Quarterly&fam=avg&cosd=1995-01-01
1997Q3,AUD,0.7352,EXUSAL,0.7352,https://fred.stlouisfed.org/graph/fredgraph.csv?id=EXUSAL&fq=Quarterly&fam=avg&cosd=1995-01-01
1997Q4,AUD,0.6923,EXUSAL,0.6923,https://fred.stlouisfed.org/graph/fredgraph.csv?id=EXUSAL&fq=Quarterly&fam=avg&cosd=1995-01-01
1998Q1,AUD,0.6669,EXUSAL,0.6669,https://fred.stlouisfed.org/graph/fredgraph.csv?id=EXUSAL&fq=Quarterly&fam=avg&cosd=1995-01-01
1998Q2,AUD,0.6294,EXUSAL,0.6294,https://fred.stlouisfed.org/graph/fredgraph.csv?id=EXUSAL&fq=Quarterly&fam=avg&cosd=1995-01-01
1998Q3,AUD,0.5986,EXUSAL,0.5986,https://fred.stlouisfed.org/graph/fredgraph.csv?id=EXUSAL&fq=Quarterly&fam=avg&cosd=1995-01-01
1998Q4,AUD,0.6237,EXUSAL,0.6237,https://fred.stlouisfed.org/graph/fredgraph.csv?id=EXUSAL&fq=Quarterly&fam=avg&cosd=1995-01-01
1999Q1,AUD,0.6342,EXUSAL,0.6342,https://fred.stlouisfed.org/graph/fredgraph.csv?id=EXUSAL&fq=Quarterly&fam=avg&cosd=1995-01-01
1999Q2,AUD,0.6537,EXUSAL,0.6537,https://fred.stlouisfed.org/graph/fredgraph.csv?id=EXUSAL&fq=Quarterly&fam=avg&cosd=1995-01-01
1999Q3,AUD,0.6501,EXUSAL,0.6501,https://fred.stlouisfed.org/graph/fredgraph.csv?id=EXUSAL&fq=Quarterly&fam=avg&cosd=1995-01-01
1999Q4,AUD,0.6436,EXUSAL,0.6436,https://fred.stlouisfed.org/graph/fredgraph.csv?id=EXUSAL&fq=Quarterly&fam=avg&cosd=1995-01-01
2000Q1,AUD,0.6311,EXUSAL,0.6311,https://fred.stlouisfed.org/graph/fredgraph.csv?id=EXUSAL&fq=Quarterly&fam=avg&cosd=1995-01-01
2000Q2,AUD,0.5898,EXUSAL,0.5898,https://fred.stlouisfed.org/graph/fredgraph.csv?id=EXUSAL&fq=Quarterly&fam=avg&cosd=1995-01-01
2000Q3,AUD,0.5733,EXUSAL,0.5733,https://fred.stlouisfed.org/graph/fredgraph.csv?id=EXUSAL&fq=Quarterly&fam=avg&cosd=1995-01-01
2000Q4,AUD,0.5321,EXUSAL,0.5321,https://fred.stlouisfed.org/graph/fredgraph.csv?id=EXUSAL&fq=Quarterly&fam=avg&cosd=1995-01-01
2001Q1,AUD,0.5307,EXUSAL,0.5307,https://fred.stlouisfed.org/graph/fredgraph.csv?id=EXUSAL&fq=Quarterly&fam=avg&cosd=1995-01-01
2001Q2,AUD,0.5132,EXUSAL,0.5132,https://fred.stlouisfed.org/graph/fredgraph.csv?id=EXUSAL&fq=Quarterly&fam=avg&cosd=1995-01-01
2001Q3,AUD,0.5124,EXUSAL,0.5124,https://fred.stlouisfed.org/graph/fredgraph.csv?id=EXUSAL&fq=Quarterly&fam=avg&cosd=1995-01-01
2001Q4,AUD,0.5115,EXUSAL,0.5115,https://fred.stlouisfed.org/graph/fredgraph.csv?id=EXUSAL&fq=Quarterly&fam=avg&cosd=1995-01-01
2002Q1,AUD,0.5185,EXUSAL,0.5185,https://fred.stlouisfed.org/graph/fredgraph.csv?id=EXUSAL&fq=Quarterly&fam=avg&cosd=1995-01-01
2002Q2,AUD,0.5511,EXUSAL,0.5511,https://fred.stlouisfed.org/graph/fredgraph.csv?id=EXUSAL&fq=Quarterly&fam=avg&cosd=1995-01-01
2002Q3,AUD,0.5472,EXUSAL,0.5472,https://fred.stlouisfed.org/graph/fredgraph.csv?id=EXUSAL&fq=Quarterly&fam=avg&cosd=1995-01-01
2002Q4,AUD,0.558,EXUSAL,0.5580,https://fred.stlouisfed.org/graph/fredgraph.csv?id=EXUSAL&fq=Quarterly&fam=avg&cosd=1995-01-01
2003Q1,AUD,0.5933,EXUSAL,0.5933,https://fred.stlouisfed.org/graph/fredgraph.csv?id=EXUSAL&fq=Quarterly&fam=avg&cosd=1995-01-01
2003Q2,AUD,0.6407,EXUSAL,0.6407,https://fred.stlouisfed.org/graph/fredgraph.csv?id=EXUSAL&fq=Quarterly&fam=avg&cosd=1995-01-01
2003Q3,AUD,0.6587,EXUSAL,0.6587,https://fred.stlouisfed.org/graph/fredgraph.csv?id=EXUSAL&fq=Quarterly&fam=avg&cosd=1995-01-01
2003Q4,AUD,0.7166,EXUSAL,0.7166,https://fred.stlouisfed.org/graph/fredgraph.csv?id=EXUSAL&fq=Quarterly&fam=avg&cosd=1995-01-01
2004Q1,AUD,0.7661,EXUSAL,0.7661,https://fred.stlouisfed.org/graph/fredgraph.csv?id=EXUSAL&fq=Quarterly&fam=avg&cosd=1995-01-01
2004Q2,AUD,0.714,EXUSAL,0.7140,https://fred.stlouisfed.org/graph/fredgraph.csv?id=EXUSAL&fq=Quarterly&fam=avg&cosd=1995-01-01
2004Q3,AUD,0.71,EXUSAL,0.7100,https://fred.stlouisfed.org/graph/fredgraph.csv?id=EXUSAL&fq=Quarterly&fam=avg&cosd=1995-01-01
2004Q4,AUD,0.7572,EXUSAL,0.7572,https://fred.stlouisfed.org/graph/fredgraph.csv?id=EXUSAL&fq=Quarterly&fam=avg&cosd=1995-01-01
2005Q1,AUD,0.7776,EXUSAL,0.7776,https://fred.stlouisfed.org/graph/fredgraph.csv?id=EXUSAL&fq=Quarterly&fam=avg&cosd=1995-01-01
2005Q2,AUD,0.7689,EXUSAL,0.7689,https://fred.stlouisfed.org/graph/fredgraph.csv?id=EXUSAL&fq=Quarterly&fam=avg&cosd=1995-01-01
2005Q3,AUD,0.7596,EXUSAL,0.7596,https://fred.stlouisfed.org/graph/fredgraph.csv?id=EXUSAL&fq=Quarterly&fam=avg&cosd=1995-01-01
2005Q4,AUD,0.7437,EXUSAL,0.7437,https://fred.stlouisfed.org/graph/fredgraph.csv?id=EXUSAL&fq=Quarterly&fam=avg&cosd=1995-01-01
2006Q1,AUD,0.7396,EXUSAL,0.7396,https://fred.stlouisfed.org/graph/fredgraph.csv?id=EXUSAL&fq=Quarterly&fam=avg&cosd=1995-01-01
2006Q2,AUD,0.7469,EXUSAL,0.7469,https://fred.stlouisfed.org/graph/fredgraph.csv?id=EXUSAL&fq=Quarterly&fam=avg&cosd=1995-01-01
2006Q3,AUD,0.7569,EXUSAL,0.7569,https://fred.stlouisfed.org/graph/fredgraph.csv?id=EXUSAL&fq=Quarterly&fam=avg&cosd=1995-01-01
2006Q4,AUD,0.771,EXUSAL,0.7710,https://fred.stlouisfed.org/graph/fredgraph.csv?id=EXUSAL&fq=Quarterly&fam=avg&cosd=1995-01-01
2007Q1,AUD,0.7863,EXUSAL,0.7863,https://fred.stlouisfed.org/graph/fredgraph.csv?id=EXUSAL&fq=Quarterly&fam=avg&cosd=1995-01-01
2007Q2,AUD,0.8317,EXUSAL,0.8317,https://fred.stlouisfed.org/graph/fredgraph.csv?id=EXUSAL&fq=Quarterly&fam=avg&cosd=1995-01-01
2007Q3,AUD,0.8476,EXUSAL,0.8476,https://fred.stlouisfed.org/graph/fredgraph.csv?id=EXUSAL&fq=Quarterly&fam=avg&cosd=1995-01-01
2007Q4,AUD,0.8892,EXUSAL,0.8892,https://fred.stlouisfed.org/graph/fredgraph.csv?id=EXUSAL&fq=Quarterly&fam=avg&cosd=1995-01-01
2008Q1,AUD,0.9059,EXUSAL,0.9059,https://fred.stlouisfed.org/graph/fredgraph.csv?id=EXUSAL&fq=Quarterly&fam=avg&cosd=1995-01-01
2008Q2,AUD,0.9437,EXUSAL,0.9437,https://fred.stlouisfed.org/graph/fredgraph.csv?id=EXUSAL&fq=Quarterly&fam=avg&cosd=1995-01-01
2008Q3,AUD,0.8868,EXUSAL,0.8868,https://fred.stlouisfed.org/graph/fredgraph.csv?id=EXUSAL&fq=Quarterly&fam=avg&cosd=1995-01-01
2008Q4,AUD,0.6727,EXUSAL,0.6727,https://fred.stlouisfed.org/graph/fredgraph.csv?id=EXUSAL&fq=Quarterly&fam=avg&cosd=1995-01-01
2009Q1,AUD,0.6641,EXUSAL,0.6641,https://fred.stlouisfed.org/graph/fredgraph.csv?id=EXUSAL&fq=Quarterly&fam=avg&cosd=1995-01-01
2009Q2,AUD,0.761,EXUSAL,0.7610,https://fred.stlouisfed.org/graph/fredgraph.csv?id=EXUSAL&fq=Quarterly&fam=avg&cosd=1995-01-01
2009Q3,AUD,0.8341,EXUSAL,0.8341,https://fred.stlouisfed.org/graph/fredgraph.csv?id=EXUSAL&fq=Quarterly&fam=avg&cosd=1995-01-01
2009Q4,AUD,0.9095,EXUSAL,0.9095,https://fred.stlouisfed.org/graph/fredgraph.csv?id=EXUSAL&fq=Quarterly&fam=avg&cosd=1995-01-01
2010Q1,AUD,0.9036,EXUSAL,0.9036,https://fred.stlouisfed.org/graph/fredgraph.csv?id=EXUSAL&fq=Quarterly&fam=avg&cosd=1995-01-01
2010Q2,AUD,0.8838,EXUSAL,0.8838,https://fred.stlouisfed.org/graph/fredgraph.csv?id=EXUSAL&fq=Quarterly&fam=avg&cosd=1995-01-01
2010Q3,AUD,0.9063,EXUSAL,0.9063,https://fred.stlouisfed.org/graph/fredgraph.csv?id=EXUSAL&fq=Quarterly&fam=avg&cosd=1995-01-01
2010Q4,AUD,0.9879,EXUSAL,0.9879,https://fred.stlouisfed.org/graph/fredgraph.csv?id=EXUSAL&fq=Quarterly&fam=avg&cosd=1995-01-01
2011Q1,AUD,1.0053,EXUSAL,1.0053,https://fred.stlouisfed.org/graph/fredgraph.csv?id=EXUSAL&fq=Quarterly&fam=avg&cosd=1995-01-01
2011Q2,AUD,1.0627,EXUSAL,1.0627,https://fred.stlouisfed.org/graph/fredgraph.csv?id=EXUSAL&fq=Quarterly&fam=avg&cosd=1995-01-01
2011Q3,AUD,1.0501,EXUSAL,1.0501,https://fred.stlouisfed.org/graph/fredgraph.csv?id=EXUSAL&fq=Quarterly&fam=avg&cosd=1995-01-01
2011Q4,AUD,1.0134,EXUSAL,1.0134,https://fred.stlouisfed.org/graph/fredgraph.csv?id=EXUSAL&fq=Quarterly&fam=avg&cosd=1995-01-01
2012Q1,AUD,1.0558,EXUSAL,1.0558,https://fred.stlouisfed.org/graph/fredgraph.csv?id=EXUSAL&fq=Quarterly&fam=avg&cosd=1995-01-01
2012Q2,AUD,1.0105,EXUSAL,1.0105,https://fred.stlouisfed.org/graph/fredgraph.csv?id=EXUSAL&fq=Quarterly&fam=avg&cosd=1995-01-01
2012Q3,AUD,1.0394,EXUSAL,1.0394,https://fred.stlouisfed.org/graph/fredgraph.csv?id=EXUSAL&fq=Quarterly&fam=avg&cosd=1995-01-01
2012Q4,AUD,1.0389,EXUSAL,1.0389,https://fred.stlouisfed.org/graph/fredgraph.csv?id=EXUSAL&fq=Quarterly&fam=avg&cosd=1995-01-01
2013Q1,AUD,1.0385,EXUSAL,1.0385,https://fred.stlouisfed.org/graph/fredgraph.csv?id=EXUSAL&fq=Quarterly&fam=avg&cosd=1995-01-01
2013Q2,AUD,0.9913,EXUSAL,0.9913,https://fred.stlouisfed.org/graph/fredgraph.csv?id=EXUSAL&fq=Quarterly&fam=avg&cosd=1995-01-01
2013Q3,AUD,0.9165,EXUSAL,0.9165,https://fred.stlouisfed.org/graph/fredgraph.csv?id=EXUSAL&fq=Quarterly&fam=avg&cosd=1995-01-01
2013Q4,AUD,0.9274,EXUSAL,0.9274,https://fred.stlouisfed.org/graph/fredgraph.csv?id=EXUSAL&fq=Quarterly&fam=avg&cosd=1995-01-01
2014Q1,AUD,0.8974,EXUSAL,0.8974,https://fred.stlouisfed.org/graph/fredgraph.csv?id=EXUSAL&fq=Quarterly&fam=avg&cosd=1995-01-01
2014Q2,AUD,0.9328,EXUSAL,0.9328,https://fred.stlouisfed.org/graph/fredgraph.csv?id=EXUSAL&fq=Quarterly&fam=avg&cosd=1995-01-01
2014Q3,AUD,0.9247,EXUSAL,0.9247,https://fred.stlouisfed.org/graph/fredgraph.csv?id=EXUSAL&fq=Quarterly&fam=avg&cosd=1995-01-01
2014Q4,AUD,0.8561,EXUSAL,0.8561,https://fred.stlouisfed.org/graph/fredgraph.csv?id=EXUSAL&fq=Quarterly&fam=avg&cosd=1995-01-01
2015Q1,AUD,0.7862,EXUSAL,0.7862,https://fred.stlouisfed.org/graph/fredgraph.csv?id=EXUSAL&fq=Quarterly&fam=avg&cosd=1995-01-01
2015Q2,AUD,0.7782,EXUSAL,0.7782,https://fred.stlouisfed.org/graph/fredgraph.csv?id=EXUSAL&fq=Quarterly&fam=avg&cosd=1995-01-01
2015Q3,AUD,0.7254,EXUSAL,0.7254,https://fred.stlouisfed.org/graph/fredgraph.csv?id=EXUSAL&fq=Quarterly&fam=avg&cosd=1995-01-01
2015Q4,AUD,0.7198,EXUSAL,0.7198,https://fred.stlouisfed.org/graph/fredgraph.csv?id=EXUSAL&fq=Quarterly&fam=avg&cosd=1995-01-01
2016Q1,AUD,0.7216,EXUSAL,0.7216,https://fred.stlouisfed.org/graph/fredgraph.csv?id=EXUSAL&fq=Quarterly&fam=avg&cosd=1995-01-01
2016Q2,AUD,0.7461,EXUSAL,0.7461,https://fred.stlouisfed.org/graph/fredgraph.csv?id=EXUSAL&fq=Quarterly&fam=avg&cosd=1995-01-01
2016Q3,AUD,0.7583,EXUSAL,0.7583,https://fred.stlouisfed.org/graph/fredgraph.csv?id=EXUSAL&fq=Quarterly&fam=avg&cosd=1995-01-01
2016Q4,AUD,0.7498,EXUSAL,0.7498,https://fred.stlouisfed.org/graph/fredgraph.csv?id=EXUSAL&fq=Quarterly&fam=avg&cosd=1995-01-01
2017Q1,AUD,0.7584,EXUSAL,0.7584,https://fred.stlouisfed.org/graph/fredgraph.csv?id=EXUSAL&fq=Quarterly&fam=avg&cosd=1995-01-01
2017Q2,AUD,0.7511,EXUSAL,0.7511,https://fred.stlouisfed.org/graph/fredgraph.csv?id=EXUSAL&fq=Quarterly&fam=avg&cosd=1995-01-01
2017Q3,AUD,0.7899,EXUSAL,0.7899,https://fred.stlouisfed.org/graph/fredgraph.csv?id=EXUSAL&fq=Quarterly&fam=avg&cosd=1995-01-01
2017Q4,AUD,0.7685,EXUSAL,0.7685,https://fred.stlouisfed.org/graph/fredgraph.csv?id=EXUSAL&fq=Quarterly&fam=avg&cosd=1995-01-01
2018Q1,AUD,0.7861,EXUSAL,0.7861,https://fred.stlouisfed.org/graph/fredgraph.csv?id=EXUSAL&fq=Quarterly&fam=avg&cosd=1995-01-01
2018Q2,AUD,0.7569,EXUSAL,0.7569,https://fred.stlouisfed.org/graph/fredgraph.csv?id=EXUSAL&fq=Quarterly&fam=avg&cosd=1995-01-01
2018Q3,AUD,0.7311,EXUSAL,0.7311,https://fred.stlouisfed.org/graph/fredgraph.csv?id=EXUSAL&fq=Quarterly&fam=avg&cosd=1995-01-01
2018Q4,AUD,0.7176,EXUSAL,0.7176,https://fred.stlouisfed.org/graph/fredgraph.csv?id=EXUSAL&fq=Quarterly&fam=avg&cosd=1995-01-01
2019Q1,AUD,0.7123,EXUSAL,0.7123,https://fred.stlouisfed.org/graph/fredgraph.csv?id=EXUSAL&fq=Quarterly&fam=avg&cosd=1995-01-01
2019Q2,AUD,0.7001,EXUSAL,0.7001,https://fred.stlouisfed.org/graph/fredgraph.csv?id=EXUSAL&fq=Quarterly&fam=avg&cosd=1995-01-01
2019Q3,AUD,0.6856,EXUSAL,0.6856,https://fred.stlouisfed.org/graph/fredgraph.csv?id=EXUSAL&fq=Quarterly&fam=avg&cosd=1995-01-01
2019Q4,AUD,0.6837,EXUSAL,0.6837,https://fred.stlouisfed.org/graph/fredgraph.csv?id=EXUSAL&fq=Quarterly&fam=avg&cosd=1995-01-01
2020Q1,AUD,0.6578,EXUSAL,0.6578,https://fred.stlouisfed.org/graph/fredgraph.csv?id=EXUSAL&fq=Quarterly&fam=avg&cosd=1995-01-01
2020Q2,AUD,0.6576,EXUSAL,0.6576,https://fred.stlouisfed.org/graph/fredgraph.csv?id=EXUSAL&fq=Quarterly&fam=avg&cosd=1995-01-01
2020Q3,AUD,0.7156,EXUSAL,0.7156,https://fred.stlouisfed.org/graph/fredgraph.csv?id=EXUSAL&fq=Quarterly&fam=avg&cosd=1995-01-01
2020Q4,AUD,0.7308,EXUSAL,0.7308,https://fred.stlouisfed.org/graph/fredgraph.csv?id=EXUSAL&fq=Quarterly&fam=avg&cosd=1995-01-01
2021Q1,AUD,0.773,EXUSAL,0.7730,https://fred.stlouisfed.org/graph/fredgraph.csv?id=EXUSAL&fq=Quarterly&fam=avg&cosd=1995-01-01
2021Q2,AUD,0.7702,EXUSAL,0.7702,https://fred.stlouisfed.org/graph/fredgraph.csv?id=EXUSAL&fq=Quarterly&fam=avg&cosd=1995-01-01
2021Q3,AUD,0.7344,EXUSAL,0.7344,https://fred.stlouisfed.org/graph/fredgraph.csv?id=EXUSAL&fq=Quarterly&fam=avg&cosd=1995-01-01
2021Q4,AUD,0.7291,EXUSAL,0.7291,https://fred.stlouisfed.org/graph/fredgraph.csv?id=EXUSAL&fq=Quarterly&fam=avg&cosd=1995-01-01
2022Q1,AUD,0.7241,EXUSAL,0.7241,https://fred.stlouisfed.org/graph/fredgraph.csv?id=EXUSAL&fq=Quarterly&fam=avg&cosd=1995-01-01
2022Q2,AUD,0.7143,EXUSAL,0.7143,https://fred.stlouisfed.org/graph/fredgraph.csv?id=EXUSAL&fq=Quarterly&fam=avg&cosd=1995-01-01
2022Q3,AUD,0.6829,EXUSAL,0.6829,https://fred.stlouisfed.org/graph/fredgraph.csv?id=EXUSAL&fq=Quarterly&fam=avg&cosd=1995-01-01
2022Q4,AUD,0.6571,EXUSAL,0.6571,https://fred.stlouisfed.org/graph/fredgraph.csv?id=EXUSAL&fq=Quarterly&fam=avg&cosd=1995-01-01
2023Q1,AUD,0.6841,EXUSAL,0.6841,https://fred.stlouisfed.org/graph/fredgraph.csv?id=EXUSAL&fq=Quarterly&fam=avg&cosd=1995-01-01
2023Q2,AUD,0.6681,EXUSAL,0.6681,https://fred.stlouisfed.org/graph/fredgraph.csv?id=EXUSAL&fq=Quarterly&fam=avg&cosd=1995-01-01
2023Q3,AUD,0.6551,EXUSAL,0.6551,https://fred.stlouisfed.org/graph/fredgraph.csv?id=EXUSAL&fq=Quarterly&fam=avg&cosd=1995-01-01
2023Q4,AUD,0.6516,EXUSAL,0.6516,https://fred.stlouisfed.org/graph/fredgraph.csv?id=EXUSAL&fq=Quarterly&fam=avg&cosd=1995-01-01
2024Q1,AUD,0.6572,EXUSAL,0.6572,https://fred.stlouisfed.org/graph/fredgraph.csv?id=EXUSAL&fq=Quarterly&fam=avg&cosd=1995-01-01
2024Q2,AUD,0.6592,EXUSAL,0.6592,https://fred.stlouisfed.org/graph/fredgraph.csv?id=EXUSAL&fq=Quarterly&fam=avg&cosd=1995-01-01
2024Q3,AUD,0.67,EXUSAL,0.6700,https://fred.stlouisfed.org/graph/fredgraph.csv?id=EXUSAL&fq=Quarterly&fam=avg&cosd=1995-01-01
2024Q4,AUD,0.6521,EXUSAL,0.6521,https://fred.stlouisfed.org/graph/fredgraph.csv?id=EXUSAL&fq=Quarterly&fam=avg&cosd=1995-01-01
2025Q1,AUD,0.6277,EXUSAL,0.6277,https://fred.stlouisfed.org/graph/fredgraph.csv?id=EXUSAL&fq=Quarterly&fam=avg&cosd=1995-01-01
2025Q2,AUD,0.6412,EXUSAL,0.6412,https://fred.stlouisfed.org/graph/fredgraph.csv?id=EXUSAL&fq=Quarterly&fam=avg&cosd=1995-01-01
2025Q3,AUD,0.6543,EXUSAL,0.6543,https://fred.stlouisfed.org/graph/fredgraph.csv?id=EXUSAL&fq=Quarterly&fam=avg&cosd=1995-01-01
2025Q4,AUD,0.6564,EXUSAL,0.6564,https://fred.stlouisfed.org/graph/fredgraph.csv?id=EXUSAL&fq=Quarterly&fam=avg&cosd=1995-01-01
2026Q1,AUD,0.6956,EXUSAL,0.6956,https://fred.stlouisfed.org/graph/fredgraph.csv?id=EXUSAL&fq=Quarterly&fam=avg&cosd=1995-01-01
2026Q2,AUD,0.7102,EXUSAL,0.7102,https://fred.stlouisfed.org/graph/fredgraph.csv?id=EXUSAL&fq=Quarterly&fam=avg&cosd=1995-01-01
1995Q1,CHF,0.80456996,EXSZUS,1.2429,https://fred.stlouisfed.org/graph/fredgraph.csv?id=EXSZUS&fq=Quarterly&fam=avg&cosd=1995-01-01
1995Q2,CHF,0.86542622,EXSZUS,1.1555,https://fred.stlouisfed.org/graph/fredgraph.csv?id=EXSZUS&fq=Quarterly&fam=avg&cosd=1995-01-01
1995Q3,CHF,0.84781687,EXSZUS,1.1795,https://fred.stlouisfed.org/graph/fredgraph.csv?id=EXSZUS&fq=Quarterly&fam=avg&cosd=1995-01-01
1995Q4,CHF,0.86903624,EXSZUS,1.1507,https://fred.stlouisfed.org/graph/fredgraph.csv?id=EXSZUS&fq=Quarterly&fam=avg&cosd=1995-01-01
1996Q1,CHF,0.83927822,EXSZUS,1.1915,https://fred.stlouisfed.org/graph/fredgraph.csv?id=EXSZUS&fq=Quarterly&fam=avg&cosd=1995-01-01
1996Q2,CHF,0.80431111,EXSZUS,1.2433,https://fred.stlouisfed.org/graph/fredgraph.csv?id=EXSZUS&fq=Quarterly&fam=avg&cosd=1995-01-01
1996Q3,CHF,0.81759464,EXSZUS,1.2231,https://fred.stlouisfed.org/graph/fredgraph.csv?id=EXSZUS&fq=Quarterly&fam=avg&cosd=1995-01-01
1996Q4,CHF,0.77663871,EXSZUS,1.2876,https://fred.stlouisfed.org/graph/fredgraph.csv?id=EXSZUS&fq=Quarterly&fam=avg&cosd=1995-01-01
1997Q1,CHF,0.69623338,EXSZUS,1.4363,https://fred.stlouisfed.org/graph/fredgraph.csv?id=EXSZUS&fq=Quarterly&fam=avg&cosd=1995-01-01
1997Q2,CHF,0.6916586,EXSZUS,1.4458,https://fred.stlouisfed.org/graph/fredgraph.csv?id=EXSZUS&fq=Quarterly&fam=avg&cosd=1995-01-01
1997Q3,CHF,0.67181727,EXSZUS,1.4885,https://fred.stlouisfed.org/graph/fredgraph.csv?id=EXSZUS&fq=Quarterly&fam=avg&cosd=1995-01-01
1997Q4,CHF,0.69803155,EXSZUS,1.4326,https://fred.stlouisfed.org/graph/fredgraph.csv?id=EXSZUS&fq=Quarterly&fam=avg&cosd=1995-01-01
1998Q1,CHF,0.67750678,EXSZUS,1.4760,https://fred.stlouisfed.org/graph/fredgraph.csv?id=EXSZUS&fq=Quarterly&fam=avg&cosd=1995-01-01
1998Q2,CHF,0.66979236,EXSZUS,1.4930,https://fred.stlouisfed.org/graph/fredgraph.csv?id=EXSZUS&fq=Quarterly&fam=avg&cosd=1995-01-01
1998Q3,CHF,0.68073519,EXSZUS,1.4690,https://fred.stlouisfed.org/graph/fredgraph.csv?id=EXSZUS&fq=Quarterly&fam=avg&cosd=1995-01-01
1998Q4,CHF,0.73475386,EXSZUS,1.3610,https://fred.stlouisfed.org/graph/fredgraph.csv?id=EXSZUS&fq=Quarterly&fam=avg&cosd=1995-01-01
1999Q1,CHF,0.70111477,EXSZUS,1.4263,https://fred.stlouisfed.org/graph/fredgraph.csv?id=EXSZUS&fq=Quarterly&fam=avg&cosd=1995-01-01
1999Q2,CHF,0.66045836,EXSZUS,1.5141,https://fred.stlouisfed.org/graph/fredgraph.csv?id=EXSZUS&fq=Quarterly&fam=avg&cosd=1995-01-01
1999Q3,CHF,0.65462163,EXSZUS,1.5276,https://fred.stlouisfed.org/graph/fredgraph.csv?id=EXSZUS&fq=Quarterly&fam=avg&cosd=1995-01-01
1999Q4,CHF,0.64821417,EXSZUS,1.5427,https://fred.stlouisfed.org/graph/fredgraph.csv?id=EXSZUS&fq=Quarterly&fam=avg&cosd=1995-01-01
2000Q1,CHF,0.61364752,EXSZUS,1.6296,https://fred.stlouisfed.org/graph/fredgraph.csv?id=EXSZUS&fq=Quarterly&fam=avg&cosd=1995-01-01
2000Q2,CHF,0.59680115,EXSZUS,1.6756,https://fred.stlouisfed.org/graph/fredgraph.csv?id=EXSZUS&fq=Quarterly&fam=avg&cosd=1995-01-01
2000Q3,CHF,0.58530875,EXSZUS,1.7085,https://fred.stlouisfed.org/graph/fredgraph.csv?id=EXSZUS&fq=Quarterly&fam=avg&cosd=1995-01-01
2000Q4,CHF,0.57273769,EXSZUS,1.7460,https://fred.stlouisfed.org/graph/fredgraph.csv?id=EXSZUS&fq=Quarterly&fam=avg&cosd=1995-01-01
2001Q1,CHF,0.60121445,EXSZUS,1.6633,https://fred.stlouisfed.org/graph/fredgraph.csv?id=EXSZUS&fq=Quarterly&fam=avg&cosd=1995-01-01
2001Q2,CHF,0.57126535,EXSZUS,1.7505,https://fred.stlouisfed.org/graph/fredgraph.csv?id=EXSZUS&fq=Quarterly&fam=avg&cosd=1995-01-01
2001Q3,CHF,0.59154096,EXSZUS,1.6905,https://fred.stlouisfed.org/graph/fredgraph.csv?id=EXSZUS&fq=Quarterly&fam=avg&cosd=1995-01-01
2001Q4,CHF,0.6069066,EXSZUS,1.6477,https://fred.stlouisfed.org/graph/fredgraph.csv?id=EXSZUS&fq=Quarterly&fam=avg&cosd=1995-01-01
2002Q1,CHF,0.59499018,EXSZUS,1.6807,https://fred.stlouisfed.org/graph/fredgraph.csv?id=EXSZUS&fq=Quarterly&fam=avg&cosd=1995-01-01
2002Q2,CHF,0.62723452,EXSZUS,1.5943,https://fred.stlouisfed.org/graph/fredgraph.csv?id=EXSZUS&fq=Quarterly&fam=avg&cosd=1995-01-01
2002Q3,CHF,0.67231411,EXSZUS,1.4874,https://fred.stlouisfed.org/graph/fredgraph.csv?id=EXSZUS&fq=Quarterly&fam=avg&cosd=1995-01-01
2002Q4,CHF,0.68217477,EXSZUS,1.4659,https://fred.stlouisfed.org/graph/fredgraph.csv?id=EXSZUS&fq=Quarterly&fam=avg&cosd=1995-01-01
2003Q1,CHF,0.73206442,EXSZUS,1.3660,https://fred.stlouisfed.org/graph/fredgraph.csv?id=EXSZUS&fq=Quarterly&fam=avg&cosd=1995-01-01
2003Q2,CHF,0.74833495,EXSZUS,1.3363,https://fred.stlouisfed.org/graph/fredgraph.csv?id=EXSZUS&fq=Quarterly&fam=avg&cosd=1995-01-01
2003Q3,CHF,0.72875674,EXSZUS,1.3722,https://fred.stlouisfed.org/graph/fredgraph.csv?id=EXSZUS&fq=Quarterly&fam=avg&cosd=1995-01-01
2003Q4,CHF,0.76563816,EXSZUS,1.3061,https://fred.stlouisfed.org/graph/fredgraph.csv?id=EXSZUS&fq=Quarterly&fam=avg&cosd=1995-01-01
2004Q1,CHF,0.79751176,EXSZUS,1.2539,https://fred.stlouisfed.org/graph/fredgraph.csv?id=EXSZUS&fq=Quarterly&fam=avg&cosd=1995-01-01
2004Q2,CHF,0.78308536,EXSZUS,1.2770,https://fred.stlouisfed.org/graph/fredgraph.csv?id=EXSZUS&fq=Quarterly&fam=avg&cosd=1995-01-01
2004Q3,CHF,0.79567155,EXSZUS,1.2568,https://fred.stlouisfed.org/graph/fredgraph.csv?id=EXSZUS&fq=Quarterly&fam=avg&cosd=1995-01-01
2004Q4,CHF,0.84495142,EXSZUS,1.1835,https://fred.stlouisfed.org/graph/fredgraph.csv?id=EXSZUS&fq=Quarterly&fam=avg&cosd=1995-01-01
2005Q1,CHF,0.84588056,EXSZUS,1.1822,https://fred.stlouisfed.org/graph/fredgraph.csv?id=EXSZUS&fq=Quarterly&fam=avg&cosd=1995-01-01
2005Q2,CHF,0.81539465,EXSZUS,1.2264,https://fred.stlouisfed.org/graph/fredgraph.csv?id=EXSZUS&fq=Quarterly&fam=avg&cosd=1995-01-01
2005Q3,CHF,0.78443677,EXSZUS,1.2748,https://fred.stlouisfed.org/graph/fredgraph.csv?id=EXSZUS&fq=Quarterly&fam=avg&cosd=1995-01-01
2005Q4,CHF,0.76840326,EXSZUS,1.3014,https://fred.stlouisfed.org/graph/fredgraph.csv?id=EXSZUS&fq=Quarterly&fam=avg&cosd=1995-01-01
2006Q1,CHF,0.77172403,EXSZUS,1.2958,https://fred.stlouisfed.org/graph/fredgraph.csv?id=EXSZUS&fq=Quarterly&fam=avg&cosd=1995-01-01
2006Q2,CHF,0.80340644,EXSZUS,1.2447,https://fred.stlouisfed.org/graph/fredgraph.csv?id=EXSZUS&fq=Quarterly&fam=avg&cosd=1995-01-01
2006Q3,CHF,0.80755875,EXSZUS,1.2383,https://fred.stlouisfed.org/graph/fredgraph.csv?id=EXSZUS&fq=Quarterly&fam=avg&cosd=1995-01-01
2006Q4,CHF,0.80958549,EXSZUS,1.2352,https://fred.stlouisfed.org/graph/fredgraph.csv?id=EXSZUS&fq=Quarterly&fam=avg&cosd=1995-01-01
2007Q1,CHF,0.81076699,EXSZUS,1.2334,https://fred.stlouisfed.org/graph/fredgraph.csv?id=EXSZUS&fq=Quarterly&fam=avg&cosd=1995-01-01
2007Q2,CHF,0.81819669,EXSZUS,1.2222,https://fred.stlouisfed.org/graph/fredgraph.csv?id=EXSZUS&fq=Quarterly&fam=avg&cosd=1995-01-01
2007Q3,CHF,0.83451556,EXSZUS,1.1983,https://fred.stlouisfed.org/graph/fredgraph.csv?id=EXSZUS&fq=Quarterly&fam=avg&cosd=1995-01-01
2007Q4,CHF,0.8726765,EXSZUS,1.1459,https://fred.stlouisfed.org/graph/fredgraph.csv?id=EXSZUS&fq=Quarterly&fam=avg&cosd=1995-01-01
2008Q1,CHF,0.93685591,EXSZUS,1.0674,https://fred.stlouisfed.org/graph/fredgraph.csv?id=EXSZUS&fq=Quarterly&fam=avg&cosd=1995-01-01
2008Q2,CHF,0.96908615,EXSZUS,1.0319,https://fred.stlouisfed.org/graph/fredgraph.csv?id=EXSZUS&fq=Quarterly&fam=avg&cosd=1995-01-01
2008Q3,CHF,0.93092534,EXSZUS,1.0742,https://fred.stlouisfed.org/graph/fredgraph.csv?id=EXSZUS&fq=Quarterly&fam=avg&cosd=1995-01-01
2008Q4,CHF,0.86348329,EXSZUS,1.1581,https://fred.stlouisfed.org/graph/fredgraph.csv?id=EXSZUS&fq=Quarterly&fam=avg&cosd=1995-01-01
2009Q1,CHF,0.87054932,EXSZUS,1.1487,https://fred.stlouisfed.org/graph/fredgraph.csv?id=EXSZUS&fq=Quarterly&fam=avg&cosd=1995-01-01
2009Q2,CHF,0.89911886,EXSZUS,1.1122,https://fred.stlouisfed.org/graph/fredgraph.csv?id=EXSZUS&fq=Quarterly&fam=avg&cosd=1995-01-01
2009Q3,CHF,0.94179695,EXSZUS,1.0618,https://fred.stlouisfed.org/graph/fredgraph.csv?id=EXSZUS&fq=Quarterly&fam=avg&cosd=1995-01-01
2009Q4,CHF,0.97895252,EXSZUS,1.0215,https://fred.stlouisfed.org/graph/fredgraph.csv?id=EXSZUS&fq=Quarterly&fam=avg&cosd=1995-01-01
2010Q1,CHF,0.94535829,EXSZUS,1.0578,https://fred.stlouisfed.org/graph/fredgraph.csv?id=EXSZUS&fq=Quarterly&fam=avg&cosd=1995-01-01
2010Q2,CHF,0.90252708,EXSZUS,1.1080,https://fred.stlouisfed.org/graph/fredgraph.csv?id=EXSZUS&fq=Quarterly&fam=avg&cosd=1995-01-01
2010Q3,CHF,0.97021442,EXSZUS,1.0307,https://fred.stlouisfed.org/graph/fredgraph.csv?id=EXSZUS&fq=Quarterly&fam=avg&cosd=1995-01-01
2010Q4,CHF,1.02658865,EXSZUS,0.9741,https://fred.stlouisfed.org/graph/fredgraph.csv?id=EXSZUS&fq=Quarterly&fam=avg&cosd=1995-01-01
2011Q1,CHF,1.06190931,EXSZUS,0.9417,https://fred.stlouisfed.org/graph/fredgraph.csv?id=EXSZUS&fq=Quarterly&fam=avg&cosd=1995-01-01
2011Q2,CHF,1.14889706,EXSZUS,0.8704,https://fred.stlouisfed.org/graph/fredgraph.csv?id=EXSZUS&fq=Quarterly&fam=avg&cosd=1995-01-01
2011Q3,CHF,1.21065375,EXSZUS,0.8260,https://fred.stlouisfed.org/graph/fredgraph.csv?id=EXSZUS&fq=Quarterly&fam=avg&cosd=1995-01-01
2011Q4,CHF,1.09601052,EXSZUS,0.9124,https://fred.stlouisfed.org/graph/fredgraph.csv?id=EXSZUS&fq=Quarterly&fam=avg&cosd=1995-01-01
2012Q1,CHF,1.08601216,EXSZUS,0.9208,https://fred.stlouisfed.org/graph/fredgraph.csv?id=EXSZUS&fq=Quarterly&fam=avg&cosd=1995-01-01
2012Q2,CHF,1.06791969,EXSZUS,0.9364,https://fred.stlouisfed.org/graph/fredgraph.csv?id=EXSZUS&fq=Quarterly&fam=avg&cosd=1995-01-01
2012Q3,CHF,1.03982531,EXSZUS,0.9617,https://fred.stlouisfed.org/graph/fredgraph.csv?id=EXSZUS&fq=Quarterly&fam=avg&cosd=1995-01-01
2012Q4,CHF,1.07434465,EXSZUS,0.9308,https://fred.stlouisfed.org/graph/fredgraph.csv?id=EXSZUS&fq=Quarterly&fam=avg&cosd=1995-01-01
2013Q1,CHF,1.07480653,EXSZUS,0.9304,https://fred.stlouisfed.org/graph/fredgraph.csv?id=EXSZUS&fq=Quarterly&fam=avg&cosd=1995-01-01
2013Q2,CHF,1.06179656,EXSZUS,0.9418,https://fred.stlouisfed.org/graph/fredgraph.csv?id=EXSZUS&fq=Quarterly&fam=avg&cosd=1995-01-01
2013Q3,CHF,1.07365257,EXSZUS,0.9314,https://fred.stlouisfed.org/graph/fredgraph.csv?id=EXSZUS&fq=Quarterly&fam=avg&cosd=1995-01-01
2013Q4,CHF,1.10754236,EXSZUS,0.9029,https://fred.stlouisfed.org/graph/fredgraph.csv?id=EXSZUS&fq=Quarterly&fam=avg&cosd=1995-01-01
2014Q1,CHF,1.12019715,EXSZUS,0.8927,https://fred.stlouisfed.org/graph/fredgraph.csv?id=EXSZUS&fq=Quarterly&fam=avg&cosd=1995-01-01
2014Q2,CHF,1.12485939,EXSZUS,0.8890,https://fred.stlouisfed.org/graph/fredgraph.csv?id=EXSZUS&fq=Quarterly&fam=avg&cosd=1995-01-01
2014Q3,CHF,1.09301563,EXSZUS,0.9149,https://fred.stlouisfed.org/graph/fredgraph.csv?id=EXSZUS&fq=Quarterly&fam=avg&cosd=1995-01-01
2014Q4,CHF,1.0372368,EXSZUS,0.9641,https://fred.stlouisfed.org/graph/fredgraph.csv?id=EXSZUS&fq=Quarterly&fam=avg&cosd=1995-01-01
2015Q1,CHF,1.0488777,EXSZUS,0.9534,https://fred.stlouisfed.org/graph/fredgraph.csv?id=EXSZUS&fq=Quarterly&fam=avg&cosd=1995-01-01
2015Q2,CHF,1.06258634,EXSZUS,0.9411,https://fred.stlouisfed.org/graph/fredgraph.csv?id=EXSZUS&fq=Quarterly&fam=avg&cosd=1995-01-01
2015Q3,CHF,1.0360547,EXSZUS,0.9652,https://fred.stlouisfed.org/graph/fredgraph.csv?id=EXSZUS&fq=Quarterly&fam=avg&cosd=1995-01-01
2015Q4,CHF,1.00887813,EXSZUS,0.9912,https://fred.stlouisfed.org/graph/fredgraph.csv?id=EXSZUS&fq=Quarterly&fam=avg&cosd=1995-01-01
2016Q1,CHF,1.00623868,EXSZUS,0.9938,https://fred.stlouisfed.org/graph/fredgraph.csv?id=EXSZUS&fq=Quarterly&fam=avg&cosd=1995-01-01
2016Q2,CHF,1.03071532,EXSZUS,0.9702,https://fred.stlouisfed.org/graph/fredgraph.csv?id=EXSZUS&fq=Quarterly&fam=avg&cosd=1995-01-01
2016Q3,CHF,1.02480016,EXSZUS,0.9758,https://fred.stlouisfed.org/graph/fredgraph.csv?id=EXSZUS&fq=Quarterly&fam=avg&cosd=1995-01-01
2016Q4,CHF,0.99890121,EXSZUS,1.0011,https://fred.stlouisfed.org/graph/fredgraph.csv?id=EXSZUS&fq=Quarterly&fam=avg&cosd=1995-01-01
2017Q1,CHF,0.99671085,EXSZUS,1.0033,https://fred.stlouisfed.org/graph/fredgraph.csv?id=EXSZUS&fq=Quarterly&fam=avg&cosd=1995-01-01
2017Q2,CHF,1.01502233,EXSZUS,0.9852,https://fred.stlouisfed.org/graph/fredgraph.csv?id=EXSZUS&fq=Quarterly&fam=avg&cosd=1995-01-01
2017Q3,CHF,1.0387452,EXSZUS,0.9627,https://fred.stlouisfed.org/graph/fredgraph.csv?id=EXSZUS&fq=Quarterly&fam=avg&cosd=1995-01-01
2017Q4,CHF,1.01327389,EXSZUS,0.9869,https://fred.stlouisfed.org/graph/fredgraph.csv?id=EXSZUS&fq=Quarterly&fam=avg&cosd=1995-01-01
2018Q1,CHF,1.05485232,EXSZUS,0.9480,https://fred.stlouisfed.org/graph/fredgraph.csv?id=EXSZUS&fq=Quarterly&fam=avg&cosd=1995-01-01
2018Q2,CHF,1.01502233,EXSZUS,0.9852,https://fred.stlouisfed.org/graph/fredgraph.csv?id=EXSZUS&fq=Quarterly&fam=avg&cosd=1995-01-01
2018Q3,CHF,1.01657009,EXSZUS,0.9837,https://fred.stlouisfed.org/graph/fredgraph.csv?id=EXSZUS&fq=Quarterly&fam=avg&cosd=1995-01-01
2018Q4,CHF,1.00431857,EXSZUS,0.9957,https://fred.stlouisfed.org/graph/fredgraph.csv?id=EXSZUS&fq=Quarterly&fam=avg&cosd=1995-01-01
2019Q1,CHF,1.00280786,EXSZUS,0.9972,https://fred.stlouisfed.org/graph/fredgraph.csv?id=EXSZUS&fq=Quarterly&fam=avg&cosd=1995-01-01
2019Q2,CHF,0.99760575,EXSZUS,1.0024,https://fred.stlouisfed.org/graph/fredgraph.csv?id=EXSZUS&fq=Quarterly&fam=avg&cosd=1995-01-01
2019Q3,CHF,1.01440454,EXSZUS,0.9858,https://fred.stlouisfed.org/graph/fredgraph.csv?id=EXSZUS&fq=Quarterly&fam=avg&cosd=1995-01-01
2019Q4,CHF,1.01061142,EXSZUS,0.9895,https://fred.stlouisfed.org/graph/fredgraph.csv?id=EXSZUS&fq=Quarterly&fam=avg&cosd=1995-01-01
2020Q1,CHF,1.03263114,EXSZUS,0.9684,https://fred.stlouisfed.org/graph/fredgraph.csv?id=EXSZUS&fq=Quarterly&fam=avg&cosd=1995-01-01
2020Q2,CHF,1.03788272,EXSZUS,0.9635,https://fred.stlouisfed.org/graph/fredgraph.csv?id=EXSZUS&fq=Quarterly&fam=avg&cosd=1995-01-01
2020Q3,CHF,1.08790252,EXSZUS,0.9192,https://fred.stlouisfed.org/graph/fredgraph.csv?id=EXSZUS&fq=Quarterly&fam=avg&cosd=1995-01-01
2020Q4,CHF,1.10631707,EXSZUS,0.9039,https://fred.stlouisfed.org/graph/fredgraph.csv?id=EXSZUS&fq=Quarterly&fam=avg&cosd=1995-01-01
2021Q1,CHF,1.10533879,EXSZUS,0.9047,https://fred.stlouisfed.org/graph/fredgraph.csv?id=EXSZUS&fq=Quarterly&fam=avg&cosd=1995-01-01
2021Q2,CHF,1.09793588,EXSZUS,0.9108,https://fred.stlouisfed.org/graph/fredgraph.csv?id=EXSZUS&fq=Quarterly&fam=avg&cosd=1995-01-01
2021Q3,CHF,1.08896875,EXSZUS,0.9183,https://fred.stlouisfed.org/graph/fredgraph.csv?id=EXSZUS&fq=Quarterly&fam=avg&cosd=1995-01-01
2021Q4,CHF,1.08495172,EXSZUS,0.9217,https://fred.stlouisfed.org/graph/fredgraph.csv?id=EXSZUS&fq=Quarterly&fam=avg&cosd=1995-01-01
2022Q1,CHF,1.08248539,EXSZUS,0.9238,https://fred.stlouisfed.org/graph/fredgraph.csv?id=EXSZUS&fq=Quarterly&fam=avg&cosd=1995-01-01
2022Q2,CHF,1.0360547,EXSZUS,0.9652,https://fred.stlouisfed.org/graph/fredgraph.csv?id=EXSZUS&fq=Quarterly&fam=avg&cosd=1995-01-01
2022Q3,CHF,1.03423312,EXSZUS,0.9669,https://fred.stlouisfed.org/graph/fredgraph.csv?id=EXSZUS&fq=Quarterly&fam=avg&cosd=1995-01-01
2022Q4,CHF,1.03712923,EXSZUS,0.9642,https://fred.stlouisfed.org/graph/fredgraph.csv?id=EXSZUS&fq=Quarterly&fam=avg&cosd=1995-01-01
2023Q1,CHF,1.08096422,EXSZUS,0.9251,https://fred.stlouisfed.org/graph/fredgraph.csv?id=EXSZUS&fq=Quarterly&fam=avg&cosd=1995-01-01
2023Q2,CHF,1.1124708,EXSZUS,0.8989,https://fred.stlouisfed.org/graph/fredgraph.csv?id=EXSZUS&fq=Quarterly&fam=avg&cosd=1995-01-01
2023Q3,CHF,1.13199004,EXSZUS,0.8834,https://fred.stlouisfed.org/graph/fredgraph.csv?id=EXSZUS&fq=Quarterly&fam=avg&cosd=1995-01-01
2023Q4,CHF,1.12841345,EXSZUS,0.8862,https://fred.stlouisfed.org/graph/fredgraph.csv?id=EXSZUS&fq=Quarterly&fam=avg&cosd=1995-01-01
2024Q1,CHF,1.14298777,EXSZUS,0.8749,https://fred.stlouisfed.org/graph/fredgraph.csv?id=EXSZUS&fq=Quarterly&fam=avg&cosd=1995-01-01
2024Q2,CHF,1.10595001,EXSZUS,0.9042,https://fred.stlouisfed.org/graph/fredgraph.csv?id=EXSZUS&fq=Quarterly&fam=avg&cosd=1995-01-01
2024Q3,CHF,1.15526802,EXSZUS,0.8656,https://fred.stlouisfed.org/graph/fredgraph.csv?id=EXSZUS&fq=Quarterly&fam=avg&cosd=1995-01-01
2024Q4,CHF,1.1390819,EXSZUS,0.8779,https://fred.stlouisfed.org/graph/fredgraph.csv?id=EXSZUS&fq=Quarterly&fam=avg&cosd=1995-01-01
2025Q1,CHF,1.1124708,EXSZUS,0.8989,https://fred.stlouisfed.org/graph/fredgraph.csv?id=EXSZUS&fq=Quarterly&fam=avg&cosd=1995-01-01
2025Q2,CHF,1.21124031,EXSZUS,0.8256,https://fred.stlouisfed.org/graph/fredgraph.csv?id=EXSZUS&fq=Quarterly&fam=avg&cosd=1995-01-01
2025Q3,CHF,1.24953143,EXSZUS,0.8003,https://fred.stlouisfed.org/graph/fredgraph.csv?id=EXSZUS&fq=Quarterly&fam=avg&cosd=1995-01-01
2025Q4,CHF,1.2509382,EXSZUS,0.7994,https://fred.stlouisfed.org/graph/fredgraph.csv?id=EXSZUS&fq=Quarterly&fam=avg&cosd=1995-01-01
2026Q1,CHF,1.27681307,EXSZUS,0.7832,https://fred.stlouisfed.org/graph/fredgraph.csv?id=EXSZUS&fq=Quarterly&fam=avg&cosd=1995-01-01
2026Q2,CHF,1.26566257,EXSZUS,0.7901,https://fred.stlouisfed.org/graph/fredgraph.csv?id=EXSZUS&fq=Quarterly&fam=avg&cosd=1995-01-01
1995Q1,DKK,0.17055824,EXDNUS,5.8631,https://fred.stlouisfed.org/graph/fredgraph.csv?id=EXDNUS&fq=Quarterly&fam=avg&cosd=1995-01-01
1995Q2,DKK,0.18271515,EXDNUS,5.4730,https://fred.stlouisfed.org/graph/fredgraph.csv?id=EXDNUS&fq=Quarterly&fam=avg&cosd=1995-01-01
1995Q3,DKK,0.1799435,EXDNUS,5.5573,https://fred.stlouisfed.org/graph/fredgraph.csv?id=EXDNUS&fq=Quarterly&fam=avg&cosd=1995-01-01
1995Q4,DKK,0.18112989,EXDNUS,5.5209,https://fred.stlouisfed.org/graph/fredgraph.csv?id=EXDNUS&fq=Quarterly&fam=avg&cosd=1995-01-01
1996Q1,DKK,0.17601295,EXDNUS,5.6814,https://fred.stlouisfed.org/graph/fredgraph.csv?id=EXDNUS&fq=Quarterly&fam=avg&cosd=1995-01-01
1996Q2,DKK,0.17030843,EXDNUS,5.8717,https://fred.stlouisfed.org/graph/fredgraph.csv?id=EXDNUS&fq=Quarterly&fam=avg&cosd=1995-01-01
1996Q3,DKK,0.17307925,EXDNUS,5.7777,https://fred.stlouisfed.org/graph/fredgraph.csv?id=EXDNUS&fq=Quarterly&fam=avg&cosd=1995-01-01
1996Q4,DKK,0.17039839,EXDNUS,5.8686,https://fred.stlouisfed.org/graph/fredgraph.csv?id=EXDNUS&fq=Quarterly&fam=avg&cosd=1995-01-01
1997Q1,DKK,0.15815027,EXDNUS,6.3231,https://fred.stlouisfed.org/graph/fredgraph.csv?id=EXDNUS&fq=Quarterly&fam=avg&cosd=1995-01-01
1997Q2,DKK,0.15309481,EXDNUS,6.5319,https://fred.stlouisfed.org/graph/fredgraph.csv?id=EXDNUS&fq=Quarterly&fam=avg&cosd=1995-01-01
1997Q3,DKK,0.14532983,EXDNUS,6.8809,https://fred.stlouisfed.org/graph/fredgraph.csv?id=EXDNUS&fq=Quarterly&fam=avg&cosd=1995-01-01
1997Q4,DKK,0.14954389,EXDNUS,6.6870,https://fred.stlouisfed.org/graph/fredgraph.csv?id=EXDNUS&fq=Quarterly&fam=avg&cosd=1995-01-01
1998Q1,DKK,0.14427308,EXDNUS,6.9313,https://fred.stlouisfed.org/graph/fredgraph.csv?id=EXDNUS&fq=Quarterly&fam=avg&cosd=1995-01-01
1998Q2,DKK,0.14624801,EXDNUS,6.8377,https://fred.stlouisfed.org/graph/fredgraph.csv?id=EXDNUS&fq=Quarterly&fam=avg&cosd=1995-01-01
1998Q3,DKK,0.14904462,EXDNUS,6.7094,https://fred.stlouisfed.org/graph/fredgraph.csv?id=EXDNUS&fq=Quarterly&fam=avg&cosd=1995-01-01
1998Q4,DKK,0.15807278,EXDNUS,6.3262,https://fred.stlouisfed.org/graph/fredgraph.csv?id=EXDNUS&fq=Quarterly&fam=avg&cosd=1995-01-01
1999Q1,DKK,0.15085914,EXDNUS,6.6287,https://fred.stlouisfed.org/graph/fredgraph.csv?id=EXDNUS&fq=Quarterly&fam=avg&cosd=1995-01-01
1999Q2,DKK,0.14215045,EXDNUS,7.0348,https://fred.stlouisfed.org/graph/fredgraph.csv?id=EXDNUS&fq=Quarterly&fam=avg&cosd=1995-01-01
1999Q3,DKK,0.14100196,EXDNUS,7.0921,https://fred.stlouisfed.org/graph/fredgraph.csv?id=EXDNUS&fq=Quarterly&fam=avg&cosd=1995-01-01
1999Q4,DKK,0.13949141,EXDNUS,7.1689,https://fred.stlouisfed.org/graph/fredgraph.csv?id=EXDNUS&fq=Quarterly&fam=avg&cosd=1995-01-01
2000Q1,DKK,0.13248192,EXDNUS,7.5482,https://fred.stlouisfed.org/graph/fredgraph.csv?id=EXDNUS&fq=Quarterly&fam=avg&cosd=1995-01-01
2000Q2,DKK,0.12515488,EXDNUS,7.9901,https://fred.stlouisfed.org/graph/fredgraph.csv?id=EXDNUS&fq=Quarterly&fam=avg&cosd=1995-01-01
2000Q3,DKK,0.12107564,EXDNUS,8.2593,https://fred.stlouisfed.org/graph/fredgraph.csv?id=EXDNUS&fq=Quarterly&fam=avg&cosd=1995-01-01
2000Q4,DKK,0.11658273,EXDNUS,8.5776,https://fred.stlouisfed.org/graph/fredgraph.csv?id=EXDNUS&fq=Quarterly&fam=avg&cosd=1995-01-01
2001Q1,DKK,0.12347661,EXDNUS,8.0987,https://fred.stlouisfed.org/graph/fredgraph.csv?id=EXDNUS&fq=Quarterly&fam=avg&cosd=1995-01-01
2001Q2,DKK,0.11704531,EXDNUS,8.5437,https://fred.stlouisfed.org/graph/fredgraph.csv?id=EXDNUS&fq=Quarterly&fam=avg&cosd=1995-01-01
2001Q3,DKK,0.11965157,EXDNUS,8.3576,https://fred.stlouisfed.org/graph/fredgraph.csv?id=EXDNUS&fq=Quarterly&fam=avg&cosd=1995-01-01
2001Q4,DKK,0.12021976,EXDNUS,8.3181,https://fred.stlouisfed.org/graph/fredgraph.csv?id=EXDNUS&fq=Quarterly&fam=avg&cosd=1995-01-01
2002Q1,DKK,0.1179607,EXDNUS,8.4774,https://fred.stlouisfed.org/graph/fredgraph.csv?id=EXDNUS&fq=Quarterly&fam=avg&cosd=1995-01-01
2002Q2,DKK,0.12355136,EXDNUS,8.0938,https://fred.stlouisfed.org/graph/fredgraph.csv?id=EXDNUS&fq=Quarterly&fam=avg&cosd=1995-01-01
2002Q3,DKK,0.13244682,EXDNUS,7.5502,https://fred.stlouisfed.org/graph/fredgraph.csv?id=EXDNUS&fq=Quarterly&fam=avg&cosd=1995-01-01
2002Q4,DKK,0.13464568,EXDNUS,7.4269,https://fred.stlouisfed.org/graph/fredgraph.csv?id=EXDNUS&fq=Quarterly&fam=avg&cosd=1995-01-01
2003Q1,DKK,0.14443353,EXDNUS,6.9236,https://fred.stlouisfed.org/graph/fredgraph.csv?id=EXDNUS&fq=Quarterly&fam=avg&cosd=1995-01-01
2003Q2,DKK,0.15285144,EXDNUS,6.5423,https://fred.stlouisfed.org/graph/fredgraph.csv?id=EXDNUS&fq=Quarterly&fam=avg&cosd=1995-01-01
2003Q3,DKK,0.1514922,EXDNUS,6.6010,https://fred.stlouisfed.org/graph/fredgraph.csv?id=EXDNUS&fq=Quarterly&fam=avg&cosd=1995-01-01
2003Q4,DKK,0.15998976,EXDNUS,6.2504,https://fred.stlouisfed.org/graph/fredgraph.csv?id=EXDNUS&fq=Quarterly&fam=avg&cosd=1995-01-01
2004Q1,DKK,0.16791201,EXDNUS,5.9555,https://fred.stlouisfed.org/graph/fredgraph.csv?id=EXDNUS&fq=Quarterly&fam=avg&cosd=1995-01-01
2004Q2,DKK,0.16185944,EXDNUS,6.1782,https://fred.stlouisfed.org/graph/fredgraph.csv?id=EXDNUS&fq=Quarterly&fam=avg&cosd=1995-01-01
2004Q3,DKK,0.16437906,EXDNUS,6.0835,https://fred.stlouisfed.org/graph/fredgraph.csv?id=EXDNUS&fq=Quarterly&fam=avg&cosd=1995-01-01
2004Q4,DKK,0.17430409,EXDNUS,5.7371,https://fred.stlouisfed.org/graph/fredgraph.csv?id=EXDNUS&fq=Quarterly&fam=avg&cosd=1995-01-01
2005Q1,DKK,0.17607494,EXDNUS,5.6794,https://fred.stlouisfed.org/graph/fredgraph.csv?id=EXDNUS&fq=Quarterly&fam=avg&cosd=1995-01-01
2005Q2,DKK,0.16908172,EXDNUS,5.9143,https://fred.stlouisfed.org/graph/fredgraph.csv?id=EXDNUS&fq=Quarterly&fam=avg&cosd=1995-01-01
2005Q3,DKK,0.16341471,EXDNUS,6.1194,https://fred.stlouisfed.org/graph/fredgraph.csv?id=EXDNUS&fq=Quarterly&fam=avg&cosd=1995-01-01
2005Q4,DKK,0.15941844,EXDNUS,6.2728,https://fred.stlouisfed.org/graph/fredgraph.csv?id=EXDNUS&fq=Quarterly&fam=avg&cosd=1995-01-01
2006Q1,DKK,0.16123051,EXDNUS,6.2023,https://fred.stlouisfed.org/graph/fredgraph.csv?id=EXDNUS&fq=Quarterly&fam=avg&cosd=1995-01-01
2006Q2,DKK,0.16845226,EXDNUS,5.9364,https://fred.stlouisfed.org/graph/fredgraph.csv?id=EXDNUS&fq=Quarterly&fam=avg&cosd=1995-01-01
2006Q3,DKK,0.17075045,EXDNUS,5.8565,https://fred.stlouisfed.org/graph/fredgraph.csv?id=EXDNUS&fq=Quarterly&fam=avg&cosd=1995-01-01
2006Q4,DKK,0.17301637,EXDNUS,5.7798,https://fred.stlouisfed.org/graph/fredgraph.csv?id=EXDNUS&fq=Quarterly&fam=avg&cosd=1995-01-01
2007Q1,DKK,0.17587365,EXDNUS,5.6859,https://fred.stlouisfed.org/graph/fredgraph.csv?id=EXDNUS&fq=Quarterly&fam=avg&cosd=1995-01-01
2007Q2,DKK,0.18100858,EXDNUS,5.5246,https://fred.stlouisfed.org/graph/fredgraph.csv?id=EXDNUS&fq=Quarterly&fam=avg&cosd=1995-01-01
2007Q3,DKK,0.18474727,EXDNUS,5.4128,https://fred.stlouisfed.org/graph/fredgraph.csv?id=EXDNUS&fq=Quarterly&fam=avg&cosd=1995-01-01
2007Q4,DKK,0.19434457,EXDNUS,5.1455,https://fred.stlouisfed.org/graph/fredgraph.csv?id=EXDNUS&fq=Quarterly&fam=avg&cosd=1995-01-01
2008Q1,DKK,0.20117486,EXDNUS,4.9708,https://fred.stlouisfed.org/graph/fredgraph.csv?id=EXDNUS&fq=Quarterly&fam=avg&cosd=1995-01-01
2008Q2,DKK,0.20943286,EXDNUS,4.7748,https://fred.stlouisfed.org/graph/fredgraph.csv?id=EXDNUS&fq=Quarterly&fam=avg&cosd=1995-01-01
2008Q3,DKK,0.20100503,EXDNUS,4.9750,https://fred.stlouisfed.org/graph/fredgraph.csv?id=EXDNUS&fq=Quarterly&fam=avg&cosd=1995-01-01
2008Q4,DKK,0.17653186,EXDNUS,5.6647,https://fred.stlouisfed.org/graph/fredgraph.csv?id=EXDNUS&fq=Quarterly&fam=avg&cosd=1995-01-01
2009Q1,DKK,0.17477629,EXDNUS,5.7216,https://fred.stlouisfed.org/graph/fredgraph.csv?id=EXDNUS&fq=Quarterly&fam=avg&cosd=1995-01-01
2009Q2,DKK,0.18276524,EXDNUS,5.4715,https://fred.stlouisfed.org/graph/fredgraph.csv?id=EXDNUS&fq=Quarterly&fam=avg&cosd=1995-01-01
2009Q3,DKK,0.19221528,EXDNUS,5.2025,https://fred.stlouisfed.org/graph/fredgraph.csv?id=EXDNUS&fq=Quarterly&fam=avg&cosd=1995-01-01
2009Q4,DKK,0.19842057,EXDNUS,5.0398,https://fred.stlouisfed.org/graph/fredgraph.csv?id=EXDNUS&fq=Quarterly&fam=avg&cosd=1995-01-01
2010Q1,DKK,0.18584252,EXDNUS,5.3809,https://fred.stlouisfed.org/graph/fredgraph.csv?id=EXDNUS&fq=Quarterly&fam=avg&cosd=1995-01-01
2010Q2,DKK,0.1708438,EXDNUS,5.8533,https://fred.stlouisfed.org/graph/fredgraph.csv?id=EXDNUS&fq=Quarterly&fam=avg&cosd=1995-01-01
2010Q3,DKK,0.17362015,EXDNUS,5.7597,https://fred.stlouisfed.org/graph/fredgraph.csv?id=EXDNUS&fq=Quarterly&fam=avg&cosd=1995-01-01
2010Q4,DKK,0.18223567,EXDNUS,5.4874,https://fred.stlouisfed.org/graph/fredgraph.csv?id=EXDNUS&fq=Quarterly&fam=avg&cosd=1995-01-01
2011Q1,DKK,0.18344585,EXDNUS,5.4512,https://fred.stlouisfed.org/graph/fredgraph.csv?id=EXDNUS&fq=Quarterly&fam=avg&cosd=1995-01-01
2011Q2,DKK,0.1930651,EXDNUS,5.1796,https://fred.stlouisfed.org/graph/fredgraph.csv?id=EXDNUS&fq=Quarterly&fam=avg&cosd=1995-01-01
2011Q3,DKK,0.18942623,EXDNUS,5.2791,https://fred.stlouisfed.org/graph/fredgraph.csv?id=EXDNUS&fq=Quarterly&fam=avg&cosd=1995-01-01
2011Q4,DKK,0.18112333,EXDNUS,5.5211,https://fred.stlouisfed.org/graph/fredgraph.csv?id=EXDNUS&fq=Quarterly&fam=avg&cosd=1995-01-01
2012Q1,DKK,0.17641974,EXDNUS,5.6683,https://fred.stlouisfed.org/graph/fredgraph.csv?id=EXDNUS&fq=Quarterly&fam=avg&cosd=1995-01-01
2012Q2,DKK,0.1725566,EXDNUS,5.7952,https://fred.stlouisfed.org/graph/fredgraph.csv?id=EXDNUS&fq=Quarterly&fam=avg&cosd=1995-01-01
2012Q3,DKK,0.16810396,EXDNUS,5.9487,https://fred.stlouisfed.org/graph/fredgraph.csv?id=EXDNUS&fq=Quarterly&fam=avg&cosd=1995-01-01
2012Q4,DKK,0.17396448,EXDNUS,5.7483,https://fred.stlouisfed.org/graph/fredgraph.csv?id=EXDNUS&fq=Quarterly&fam=avg&cosd=1995-01-01
2013Q1,DKK,0.1769567,EXDNUS,5.6511,https://fred.stlouisfed.org/graph/fredgraph.csv?id=EXDNUS&fq=Quarterly&fam=avg&cosd=1995-01-01
2013Q2,DKK,0.17527562,EXDNUS,5.7053,https://fred.stlouisfed.org/graph/fredgraph.csv?id=EXDNUS&fq=Quarterly&fam=avg&cosd=1995-01-01
2013Q3,DKK,0.17771459,EXDNUS,5.6270,https://fred.stlouisfed.org/graph/fredgraph.csv?id=EXDNUS&fq=Quarterly&fam=avg&cosd=1995-01-01
2013Q4,DKK,0.18252505,EXDNUS,5.4787,https://fred.stlouisfed.org/graph/fredgraph.csv?id=EXDNUS&fq=Quarterly&fam=avg&cosd=1995-01-01
2014Q1,DKK,0.18363449,EXDNUS,5.4456,https://fred.stlouisfed.org/graph/fredgraph.csv?id=EXDNUS&fq=Quarterly&fam=avg&cosd=1995-01-01
2014Q2,DKK,0.18376948,EXDNUS,5.4416,https://fred.stlouisfed.org/graph/fredgraph.csv?id=EXDNUS&fq=Quarterly&fam=avg&cosd=1995-01-01
2014Q3,DKK,0.17768301,EXDNUS,5.6280,https://fred.stlouisfed.org/graph/fredgraph.csv?id=EXDNUS&fq=Quarterly&fam=avg&cosd=1995-01-01
2014Q4,DKK,0.16784719,EXDNUS,5.9578,https://fred.stlouisfed.org/graph/fredgraph.csv?id=EXDNUS&fq=Quarterly&fam=avg&cosd=1995-01-01
2015Q1,DKK,0.15100266,EXDNUS,6.6224,https://fred.stlouisfed.org/graph/fredgraph.csv?id=EXDNUS&fq=Quarterly&fam=avg&cosd=1995-01-01
2015Q2,DKK,0.14829974,EXDNUS,6.7431,https://fred.stlouisfed.org/graph/fredgraph.csv?id=EXDNUS&fq=Quarterly&fam=avg&cosd=1995-01-01
2015Q3,DKK,0.14900687,EXDNUS,6.7111,https://fred.stlouisfed.org/graph/fredgraph.csv?id=EXDNUS&fq=Quarterly&fam=avg&cosd=1995-01-01
2015Q4,DKK,0.14667273,EXDNUS,6.8179,https://fred.stlouisfed.org/graph/fredgraph.csv?id=EXDNUS&fq=Quarterly&fam=avg&cosd=1995-01-01
2016Q1,DKK,0.1477716,EXDNUS,6.7672,https://fred.stlouisfed.org/graph/fredgraph.csv?id=EXDNUS&fq=Quarterly&fam=avg&cosd=1995-01-01
2016Q2,DKK,0.15185106,EXDNUS,6.5854,https://fred.stlouisfed.org/graph/fredgraph.csv?id=EXDNUS&fq=Quarterly&fam=avg&cosd=1995-01-01
2016Q3,DKK,0.14994077,EXDNUS,6.6693,https://fred.stlouisfed.org/graph/fredgraph.csv?id=EXDNUS&fq=Quarterly&fam=avg&cosd=1995-01-01
2016Q4,DKK,0.14489184,EXDNUS,6.9017,https://fred.stlouisfed.org/graph/fredgraph.csv?id=EXDNUS&fq=Quarterly&fam=avg&cosd=1995-01-01
2017Q1,DKK,0.14334657,EXDNUS,6.9761,https://fred.stlouisfed.org/graph/fredgraph.csv?id=EXDNUS&fq=Quarterly&fam=avg&cosd=1995-01-01
2017Q2,DKK,0.14781092,EXDNUS,6.7654,https://fred.stlouisfed.org/graph/fredgraph.csv?id=EXDNUS&fq=Quarterly&fam=avg&cosd=1995-01-01
2017Q3,DKK,0.15796042,EXDNUS,6.3307,https://fred.stlouisfed.org/graph/fredgraph.csv?id=EXDNUS&fq=Quarterly&fam=avg&cosd=1995-01-01
2017Q4,DKK,0.15824538,EXDNUS,6.3193,https://fred.stlouisfed.org/graph/fredgraph.csv?id=EXDNUS&fq=Quarterly&fam=avg&cosd=1995-01-01
2018Q1,DKK,0.16502739,EXDNUS,6.0596,https://fred.stlouisfed.org/graph/fredgraph.csv?id=EXDNUS&fq=Quarterly&fam=avg&cosd=1995-01-01
2018Q2,DKK,0.16000768,EXDNUS,6.2497,https://fred.stlouisfed.org/graph/fredgraph.csv?id=EXDNUS&fq=Quarterly&fam=avg&cosd=1995-01-01
2018Q3,DKK,0.15602328,EXDNUS,6.4093,https://fred.stlouisfed.org/graph/fredgraph.csv?id=EXDNUS&fq=Quarterly&fam=avg&cosd=1995-01-01
2018Q4,DKK,0.15290286,EXDNUS,6.5401,https://fred.stlouisfed.org/graph/fredgraph.csv?id=EXDNUS&fq=Quarterly&fam=avg&cosd=1995-01-01
2019Q1,DKK,0.15213059,EXDNUS,6.5733,https://fred.stlouisfed.org/graph/fredgraph.csv?id=EXDNUS&fq=Quarterly&fam=avg&cosd=1995-01-01
2019Q2,DKK,0.15052307,EXDNUS,6.6435,https://fred.stlouisfed.org/graph/fredgraph.csv?id=EXDNUS&fq=Quarterly&fam=avg&cosd=1995-01-01
2019Q3,DKK,0.14895138,EXDNUS,6.7136,https://fred.stlouisfed.org/graph/fredgraph.csv?id=EXDNUS&fq=Quarterly&fam=avg&cosd=1995-01-01
2019Q4,DKK,0.14822061,EXDNUS,6.7467,https://fred.stlouisfed.org/graph/fredgraph.csv?id=EXDNUS&fq=Quarterly&fam=avg&cosd=1995-01-01
2020Q1,DKK,0.14745348,EXDNUS,6.7818,https://fred.stlouisfed.org/graph/fredgraph.csv?id=EXDNUS&fq=Quarterly&fam=avg&cosd=1995-01-01
2020Q2,DKK,0.14761455,EXDNUS,6.7744,https://fred.stlouisfed.org/graph/fredgraph.csv?id=EXDNUS&fq=Quarterly&fam=avg&cosd=1995-01-01
2020Q3,DKK,0.15713635,EXDNUS,6.3639,https://fred.stlouisfed.org/graph/fredgraph.csv?id=EXDNUS&fq=Quarterly&fam=avg&cosd=1995-01-01
2020Q4,DKK,0.16011528,EXDNUS,6.2455,https://fred.stlouisfed.org/graph/fredgraph.csv?id=EXDNUS&fq=Quarterly&fam=avg&cosd=1995-01-01
2021Q1,DKK,0.16211397,EXDNUS,6.1685,https://fred.stlouisfed.org/graph/fredgraph.csv?id=EXDNUS&fq=Quarterly&fam=avg&cosd=1995-01-01
2021Q2,DKK,0.16207455,EXDNUS,6.1700,https://fred.stlouisfed.org/graph/fredgraph.csv?id=EXDNUS&fq=Quarterly&fam=avg&cosd=1995-01-01
2021Q3,DKK,0.15846605,EXDNUS,6.3105,https://fred.stlouisfed.org/graph/fredgraph.csv?id=EXDNUS&fq=Quarterly&fam=avg&cosd=1995-01-01
2021Q4,DKK,0.15376809,EXDNUS,6.5033,https://fred.stlouisfed.org/graph/fredgraph.csv?id=EXDNUS&fq=Quarterly&fam=avg&cosd=1995-01-01
2022Q1,DKK,0.15085004,EXDNUS,6.6291,https://fred.stlouisfed.org/graph/fredgraph.csv?id=EXDNUS&fq=Quarterly&fam=avg&cosd=1995-01-01
2022Q2,DKK,0.1430738,EXDNUS,6.9894,https://fred.stlouisfed.org/graph/fredgraph.csv?id=EXDNUS&fq=Quarterly&fam=avg&cosd=1995-01-01
2022Q3,DKK,0.13523565,EXDNUS,7.3945,https://fred.stlouisfed.org/graph/fredgraph.csv?id=EXDNUS&fq=Quarterly&fam=avg&cosd=1995-01-01
2022Q4,DKK,0.13710462,EXDNUS,7.2937,https://fred.stlouisfed.org/graph/fredgraph.csv?id=EXDNUS&fq=Quarterly&fam=avg&cosd=1995-01-01
2023Q1,DKK,0.1441483,EXDNUS,6.9373,https://fred.stlouisfed.org/graph/fredgraph.csv?id=EXDNUS&fq=Quarterly&fam=avg&cosd=1995-01-01
2023Q2,DKK,0.14616678,EXDNUS,6.8415,https://fred.stlouisfed.org/graph/fredgraph.csv?id=EXDNUS&fq=Quarterly&fam=avg&cosd=1995-01-01
2023Q3,DKK,0.14597262,EXDNUS,6.8506,https://fred.stlouisfed.org/graph/fredgraph.csv?id=EXDNUS&fq=Quarterly&fam=avg&cosd=1995-01-01
2023Q4,DKK,0.1442939,EXDNUS,6.9303,https://fred.stlouisfed.org/graph/fredgraph.csv?id=EXDNUS&fq=Quarterly&fam=avg&cosd=1995-01-01
2024Q1,DKK,0.14557524,EXDNUS,6.8693,https://fred.stlouisfed.org/graph/fredgraph.csv?id=EXDNUS&fq=Quarterly&fam=avg&cosd=1995-01-01
2024Q2,DKK,0.14428765,EXDNUS,6.9306,https://fred.stlouisfed.org/graph/fredgraph.csv?id=EXDNUS&fq=Quarterly&fam=avg&cosd=1995-01-01
2024Q3,DKK,0.14729059,EXDNUS,6.7893,https://fred.stlouisfed.org/graph/fredgraph.csv?id=EXDNUS&fq=Quarterly&fam=avg&cosd=1995-01-01
2024Q4,DKK,0.14290818,EXDNUS,6.9975,https://fred.stlouisfed.org/graph/fredgraph.csv?id=EXDNUS&fq=Quarterly&fam=avg&cosd=1995-01-01
2025Q1,DKK,0.14106163,EXDNUS,7.0891,https://fred.stlouisfed.org/graph/fredgraph.csv?id=EXDNUS&fq=Quarterly&fam=avg&cosd=1995-01-01
2025Q2,DKK,0.15202189,EXDNUS,6.5780,https://fred.stlouisfed.org/graph/fredgraph.csv?id=EXDNUS&fq=Quarterly&fam=avg&cosd=1995-01-01
2025Q3,DKK,0.15656558,EXDNUS,6.3871,https://fred.stlouisfed.org/graph/fredgraph.csv?id=EXDNUS&fq=Quarterly&fam=avg&cosd=1995-01-01
2025Q4,DKK,0.15580692,EXDNUS,6.4182,https://fred.stlouisfed.org/graph/fredgraph.csv?id=EXDNUS&fq=Quarterly&fam=avg&cosd=1995-01-01
2026Q1,DKK,0.15670543,EXDNUS,6.3814,https://fred.stlouisfed.org/graph/fredgraph.csv?id=EXDNUS&fq=Quarterly&fam=avg&cosd=1995-01-01
2026Q2,DKK,0.15563233,EXDNUS,6.4254,https://fred.stlouisfed.org/graph/fredgraph.csv?id=EXDNUS&fq=Quarterly&fam=avg&cosd=1995-01-01
1999Q1,EUR,1.1227,EXUSEU,1.1227,https://fred.stlouisfed.org/graph/fredgraph.csv?id=EXUSEU&fq=Quarterly&fam=avg&cosd=1995-01-01
1999Q2,EUR,1.0569,EXUSEU,1.0569,https://fred.stlouisfed.org/graph/fredgraph.csv?id=EXUSEU&fq=Quarterly&fam=avg&cosd=1995-01-01
1999Q3,EUR,1.0491,EXUSEU,1.0491,https://fred.stlouisfed.org/graph/fredgraph.csv?id=EXUSEU&fq=Quarterly&fam=avg&cosd=1995-01-01
1999Q4,EUR,1.0381,EXUSEU,1.0381,https://fred.stlouisfed.org/graph/fredgraph.csv?id=EXUSEU&fq=Quarterly&fam=avg&cosd=1995-01-01
2000Q1,EUR,0.9869,EXUSEU,0.9869,https://fred.stlouisfed.org/graph/fredgraph.csv?id=EXUSEU&fq=Quarterly&fam=avg&cosd=1995-01-01
2000Q2,EUR,0.9338,EXUSEU,0.9338,https://fred.stlouisfed.org/graph/fredgraph.csv?id=EXUSEU&fq=Quarterly&fam=avg&cosd=1995-01-01
2000Q3,EUR,0.9042,EXUSEU,0.9042,https://fred.stlouisfed.org/graph/fredgraph.csv?id=EXUSEU&fq=Quarterly&fam=avg&cosd=1995-01-01
2000Q4,EUR,0.8687,EXUSEU,0.8687,https://fred.stlouisfed.org/graph/fredgraph.csv?id=EXUSEU&fq=Quarterly&fam=avg&cosd=1995-01-01
2001Q1,EUR,0.9221,EXUSEU,0.9221,https://fred.stlouisfed.org/graph/fredgraph.csv?id=EXUSEU&fq=Quarterly&fam=avg&cosd=1995-01-01
2001Q2,EUR,0.8736,EXUSEU,0.8736,https://fred.stlouisfed.org/graph/fredgraph.csv?id=EXUSEU&fq=Quarterly&fam=avg&cosd=1995-01-01
2001Q3,EUR,0.8914,EXUSEU,0.8914,https://fred.stlouisfed.org/graph/fredgraph.csv?id=EXUSEU&fq=Quarterly&fam=avg&cosd=1995-01-01
2001Q4,EUR,0.8948,EXUSEU,0.8948,https://fred.stlouisfed.org/graph/fredgraph.csv?id=EXUSEU&fq=Quarterly&fam=avg&cosd=1995-01-01
2002Q1,EUR,0.8768,EXUSEU,0.8768,https://fred.stlouisfed.org/graph/fredgraph.csv?id=EXUSEU&fq=Quarterly&fam=avg&cosd=1995-01-01
2002Q2,EUR,0.9197,EXUSEU,0.9197,https://fred.stlouisfed.org/graph/fredgraph.csv?id=EXUSEU&fq=Quarterly&fam=avg&cosd=1995-01-01
2002Q3,EUR,0.9841,EXUSEU,0.9841,https://fred.stlouisfed.org/graph/fredgraph.csv?id=EXUSEU&fq=Quarterly&fam=avg&cosd=1995-01-01
2002Q4,EUR,1.0006,EXUSEU,1.0006,https://fred.stlouisfed.org/graph/fredgraph.csv?id=EXUSEU&fq=Quarterly&fam=avg&cosd=1995-01-01
2003Q1,EUR,1.0735,EXUSEU,1.0735,https://fred.stlouisfed.org/graph/fredgraph.csv?id=EXUSEU&fq=Quarterly&fam=avg&cosd=1995-01-01
2003Q2,EUR,1.1364,EXUSEU,1.1364,https://fred.stlouisfed.org/graph/fredgraph.csv?id=EXUSEU&fq=Quarterly&fam=avg&cosd=1995-01-01
2003Q3,EUR,1.1262,EXUSEU,1.1262,https://fred.stlouisfed.org/graph/fredgraph.csv?id=EXUSEU&fq=Quarterly&fam=avg&cosd=1995-01-01
2003Q4,EUR,1.1907,EXUSEU,1.1907,https://fred.stlouisfed.org/graph/fredgraph.csv?id=EXUSEU&fq=Quarterly&fam=avg&cosd=1995-01-01
2004Q1,EUR,1.2513,EXUSEU,1.2513,https://fred.stlouisfed.org/graph/fredgraph.csv?id=EXUSEU&fq=Quarterly&fam=avg&cosd=1995-01-01
2004Q2,EUR,1.2045,EXUSEU,1.2045,https://fred.stlouisfed.org/graph/fredgraph.csv?id=EXUSEU&fq=Quarterly&fam=avg&cosd=1995-01-01
2004Q3,EUR,1.2227,EXUSEU,1.2227,https://fred.stlouisfed.org/graph/fredgraph.csv?id=EXUSEU&fq=Quarterly&fam=avg&cosd=1995-01-01
2004Q4,EUR,1.297,EXUSEU,1.2970,https://fred.stlouisfed.org/graph/fredgraph.csv?id=EXUSEU&fq=Quarterly&fam=avg&cosd=1995-01-01
2005Q1,EUR,1.3107,EXUSEU,1.3107,https://fred.stlouisfed.org/graph/fredgraph.csv?id=EXUSEU&fq=Quarterly&fam=avg&cosd=1995-01-01
2005Q2,EUR,1.2598,EXUSEU,1.2598,https://fred.stlouisfed.org/graph/fredgraph.csv?id=EXUSEU&fq=Quarterly&fam=avg&cosd=1995-01-01
2005Q3,EUR,1.219,EXUSEU,1.2190,https://fred.stlouisfed.org/graph/fredgraph.csv?id=EXUSEU&fq=Quarterly&fam=avg&cosd=1995-01-01
2005Q4,EUR,1.1891,EXUSEU,1.1891,https://fred.stlouisfed.org/graph/fredgraph.csv?id=EXUSEU&fq=Quarterly&fam=avg&cosd=1995-01-01
2006Q1,EUR,1.2031,EXUSEU,1.2031,https://fred.stlouisfed.org/graph/fredgraph.csv?id=EXUSEU&fq=Quarterly&fam=avg&cosd=1995-01-01
2006Q2,EUR,1.2567,EXUSEU,1.2567,https://fred.stlouisfed.org/graph/fredgraph.csv?id=EXUSEU&fq=Quarterly&fam=avg&cosd=1995-01-01
2006Q3,EUR,1.2738,EXUSEU,1.2738,https://fred.stlouisfed.org/graph/fredgraph.csv?id=EXUSEU&fq=Quarterly&fam=avg&cosd=1995-01-01
2006Q4,EUR,1.2903,EXUSEU,1.2903,https://fred.stlouisfed.org/graph/fredgraph.csv?id=EXUSEU&fq=Quarterly&fam=avg&cosd=1995-01-01
2007Q1,EUR,1.3106,EXUSEU,1.3106,https://fred.stlouisfed.org/graph/fredgraph.csv?id=EXUSEU&fq=Quarterly&fam=avg&cosd=1995-01-01
2007Q2,EUR,1.3484,EXUSEU,1.3484,https://fred.stlouisfed.org/graph/fredgraph.csv?id=EXUSEU&fq=Quarterly&fam=avg&cosd=1995-01-01
2007Q3,EUR,1.3754,EXUSEU,1.3754,https://fred.stlouisfed.org/graph/fredgraph.csv?id=EXUSEU&fq=Quarterly&fam=avg&cosd=1995-01-01
2007Q4,EUR,1.4492,EXUSEU,1.4492,https://fred.stlouisfed.org/graph/fredgraph.csv?id=EXUSEU&fq=Quarterly&fam=avg&cosd=1995-01-01
2008Q1,EUR,1.5002,EXUSEU,1.5002,https://fred.stlouisfed.org/graph/fredgraph.csv?id=EXUSEU&fq=Quarterly&fam=avg&cosd=1995-01-01
2008Q2,EUR,1.5623,EXUSEU,1.5623,https://fred.stlouisfed.org/graph/fredgraph.csv?id=EXUSEU&fq=Quarterly&fam=avg&cosd=1995-01-01
2008Q3,EUR,1.5019,EXUSEU,1.5019,https://fred.stlouisfed.org/graph/fredgraph.csv?id=EXUSEU&fq=Quarterly&fam=avg&cosd=1995-01-01
2008Q4,EUR,1.3174,EXUSEU,1.3174,https://fred.stlouisfed.org/graph/fredgraph.csv?id=EXUSEU&fq=Quarterly&fam=avg&cosd=1995-01-01
2009Q1,EUR,1.303,EXUSEU,1.3030,https://fred.stlouisfed.org/graph/fredgraph.csv?id=EXUSEU&fq=Quarterly&fam=avg&cosd=1995-01-01
2009Q2,EUR,1.362,EXUSEU,1.3620,https://fred.stlouisfed.org/graph/fredgraph.csv?id=EXUSEU&fq=Quarterly&fam=avg&cosd=1995-01-01
2009Q3,EUR,1.4311,EXUSEU,1.4311,https://fred.stlouisfed.org/graph/fredgraph.csv?id=EXUSEU&fq=Quarterly&fam=avg&cosd=1995-01-01
2009Q4,EUR,1.4769,EXUSEU,1.4769,https://fred.stlouisfed.org/graph/fredgraph.csv?id=EXUSEU&fq=Quarterly&fam=avg&cosd=1995-01-01
2010Q1,EUR,1.3839,EXUSEU,1.3839,https://fred.stlouisfed.org/graph/fredgraph.csv?id=EXUSEU&fq=Quarterly&fam=avg&cosd=1995-01-01
2010Q2,EUR,1.2734,EXUSEU,1.2734,https://fred.stlouisfed.org/graph/fredgraph.csv?id=EXUSEU&fq=Quarterly&fam=avg&cosd=1995-01-01
2010Q3,EUR,1.2939,EXUSEU,1.2939,https://fred.stlouisfed.org/graph/fredgraph.csv?id=EXUSEU&fq=Quarterly&fam=avg&cosd=1995-01-01
2010Q4,EUR,1.3592,EXUSEU,1.3592,https://fred.stlouisfed.org/graph/fredgraph.csv?id=EXUSEU&fq=Quarterly&fam=avg&cosd=1995-01-01
2011Q1,EUR,1.3682,EXUSEU,1.3682,https://fred.stlouisfed.org/graph/fredgraph.csv?id=EXUSEU&fq=Quarterly&fam=avg&cosd=1995-01-01
2011Q2,EUR,1.4399,EXUSEU,1.4399,https://fred.stlouisfed.org/graph/fredgraph.csv?id=EXUSEU&fq=Quarterly&fam=avg&cosd=1995-01-01
2011Q3,EUR,1.4118,EXUSEU,1.4118,https://fred.stlouisfed.org/graph/fredgraph.csv?id=EXUSEU&fq=Quarterly&fam=avg&cosd=1995-01-01
2011Q4,EUR,1.3482,EXUSEU,1.3482,https://fred.stlouisfed.org/graph/fredgraph.csv?id=EXUSEU&fq=Quarterly&fam=avg&cosd=1995-01-01
2012Q1,EUR,1.3119,EXUSEU,1.3119,https://fred.stlouisfed.org/graph/fredgraph.csv?id=EXUSEU&fq=Quarterly&fam=avg&cosd=1995-01-01
2012Q2,EUR,1.2836,EXUSEU,1.2836,https://fred.stlouisfed.org/graph/fredgraph.csv?id=EXUSEU&fq=Quarterly&fam=avg&cosd=1995-01-01
2012Q3,EUR,1.2523,EXUSEU,1.2523,https://fred.stlouisfed.org/graph/fredgraph.csv?id=EXUSEU&fq=Quarterly&fam=avg&cosd=1995-01-01
2012Q4,EUR,1.2977,EXUSEU,1.2977,https://fred.stlouisfed.org/graph/fredgraph.csv?id=EXUSEU&fq=Quarterly&fam=avg&cosd=1995-01-01
2013Q1,EUR,1.3201,EXUSEU,1.3201,https://fred.stlouisfed.org/graph/fredgraph.csv?id=EXUSEU&fq=Quarterly&fam=avg&cosd=1995-01-01
2013Q2,EUR,1.3068,EXUSEU,1.3068,https://fred.stlouisfed.org/graph/fredgraph.csv?id=EXUSEU&fq=Quarterly&fam=avg&cosd=1995-01-01
2013Q3,EUR,1.3255,EXUSEU,1.3255,https://fred.stlouisfed.org/graph/fredgraph.csv?id=EXUSEU&fq=Quarterly&fam=avg&cosd=1995-01-01
2013Q4,EUR,1.3615,EXUSEU,1.3615,https://fred.stlouisfed.org/graph/fredgraph.csv?id=EXUSEU&fq=Quarterly&fam=avg&cosd=1995-01-01
2014Q1,EUR,1.3704,EXUSEU,1.3704,https://fred.stlouisfed.org/graph/fredgraph.csv?id=EXUSEU&fq=Quarterly&fam=avg&cosd=1995-01-01
2014Q2,EUR,1.3715,EXUSEU,1.3715,https://fred.stlouisfed.org/graph/fredgraph.csv?id=EXUSEU&fq=Quarterly&fam=avg&cosd=1995-01-01
2014Q3,EUR,1.3246,EXUSEU,1.3246,https://fred.stlouisfed.org/graph/fredgraph.csv?id=EXUSEU&fq=Quarterly&fam=avg&cosd=1995-01-01
2014Q4,EUR,1.2493,EXUSEU,1.2493,https://fred.stlouisfed.org/graph/fredgraph.csv?id=EXUSEU&fq=Quarterly&fam=avg&cosd=1995-01-01
2015Q1,EUR,1.1261,EXUSEU,1.1261,https://fred.stlouisfed.org/graph/fredgraph.csv?id=EXUSEU&fq=Quarterly&fam=avg&cosd=1995-01-01
2015Q2,EUR,1.1072,EXUSEU,1.1072,https://fred.stlouisfed.org/graph/fredgraph.csv?id=EXUSEU&fq=Quarterly&fam=avg&cosd=1995-01-01
2015Q3,EUR,1.1121,EXUSEU,1.1121,https://fred.stlouisfed.org/graph/fredgraph.csv?id=EXUSEU&fq=Quarterly&fam=avg&cosd=1995-01-01
2015Q4,EUR,1.0948,EXUSEU,1.0948,https://fred.stlouisfed.org/graph/fredgraph.csv?id=EXUSEU&fq=Quarterly&fam=avg&cosd=1995-01-01
2016Q1,EUR,1.1027,EXUSEU,1.1027,https://fred.stlouisfed.org/graph/fredgraph.csv?id=EXUSEU&fq=Quarterly&fam=avg&cosd=1995-01-01
2016Q2,EUR,1.1297,EXUSEU,1.1297,https://fred.stlouisfed.org/graph/fredgraph.csv?id=EXUSEU&fq=Quarterly&fam=avg&cosd=1995-01-01
2016Q3,EUR,1.116,EXUSEU,1.1160,https://fred.stlouisfed.org/graph/fredgraph.csv?id=EXUSEU&fq=Quarterly&fam=avg&cosd=1995-01-01
2016Q4,EUR,1.0784,EXUSEU,1.0784,https://fred.stlouisfed.org/graph/fredgraph.csv?id=EXUSEU&fq=Quarterly&fam=avg&cosd=1995-01-01
2017Q1,EUR,1.0659,EXUSEU,1.0659,https://fred.stlouisfed.org/graph/fredgraph.csv?id=EXUSEU&fq=Quarterly&fam=avg&cosd=1995-01-01
2017Q2,EUR,1.0999,EXUSEU,1.0999,https://fred.stlouisfed.org/graph/fredgraph.csv?id=EXUSEU&fq=Quarterly&fam=avg&cosd=1995-01-01
2017Q3,EUR,1.1752,EXUSEU,1.1752,https://fred.stlouisfed.org/graph/fredgraph.csv?id=EXUSEU&fq=Quarterly&fam=avg&cosd=1995-01-01
2017Q4,EUR,1.1778,EXUSEU,1.1778,https://fred.stlouisfed.org/graph/fredgraph.csv?id=EXUSEU&fq=Quarterly&fam=avg&cosd=1995-01-01
2018Q1,EUR,1.229,EXUSEU,1.2290,https://fred.stlouisfed.org/graph/fredgraph.csv?id=EXUSEU&fq=Quarterly&fam=avg&cosd=1995-01-01
2018Q2,EUR,1.1924,EXUSEU,1.1924,https://fred.stlouisfed.org/graph/fredgraph.csv?id=EXUSEU&fq=Quarterly&fam=avg&cosd=1995-01-01
2018Q3,EUR,1.1633,EXUSEU,1.1633,https://fred.stlouisfed.org/graph/fredgraph.csv?id=EXUSEU&fq=Quarterly&fam=avg&cosd=1995-01-01
2018Q4,EUR,1.1411,EXUSEU,1.1411,https://fred.stlouisfed.org/graph/fredgraph.csv?id=EXUSEU&fq=Quarterly&fam=avg&cosd=1995-01-01
2019Q1,EUR,1.1354,EXUSEU,1.1354,https://fred.stlouisfed.org/graph/fredgraph.csv?id=EXUSEU&fq=Quarterly&fam=avg&cosd=1995-01-01
2019Q2,EUR,1.1239,EXUSEU,1.1239,https://fred.stlouisfed.org/graph/fredgraph.csv?id=EXUSEU&fq=Quarterly&fam=avg&cosd=1995-01-01
2019Q3,EUR,1.1117,EXUSEU,1.1117,https://fred.stlouisfed.org/graph/fredgraph.csv?id=EXUSEU&fq=Quarterly&fam=avg&cosd=1995-01-01
2019Q4,EUR,1.1074,EXUSEU,1.1074,https://fred.stlouisfed.org/graph/fredgraph.csv?id=EXUSEU&fq=Quarterly&fam=avg&cosd=1995-01-01
2020Q1,EUR,1.1018,EXUSEU,1.1018,https://fred.stlouisfed.org/graph/fredgraph.csv?id=EXUSEU&fq=Quarterly&fam=avg&cosd=1995-01-01
2020Q2,EUR,1.1012,EXUSEU,1.1012,https://fred.stlouisfed.org/graph/fredgraph.csv?id=EXUSEU&fq=Quarterly&fam=avg&cosd=1995-01-01
2020Q3,EUR,1.1701,EXUSEU,1.1701,https://fred.stlouisfed.org/graph/fredgraph.csv?id=EXUSEU&fq=Quarterly&fam=avg&cosd=1995-01-01
2020Q4,EUR,1.1921,EXUSEU,1.1921,https://fred.stlouisfed.org/graph/fredgraph.csv?id=EXUSEU&fq=Quarterly&fam=avg&cosd=1995-01-01
2021Q1,EUR,1.2058,EXUSEU,1.2058,https://fred.stlouisfed.org/graph/fredgraph.csv?id=EXUSEU&fq=Quarterly&fam=avg&cosd=1995-01-01
2021Q2,EUR,1.2053,EXUSEU,1.2053,https://fred.stlouisfed.org/graph/fredgraph.csv?id=EXUSEU&fq=Quarterly&fam=avg&cosd=1995-01-01
2021Q3,EUR,1.1784,EXUSEU,1.1784,https://fred.stlouisfed.org/graph/fredgraph.csv?id=EXUSEU&fq=Quarterly&fam=avg&cosd=1995-01-01
2021Q4,EUR,1.1439,EXUSEU,1.1439,https://fred.stlouisfed.org/graph/fredgraph.csv?id=EXUSEU&fq=Quarterly&fam=avg&cosd=1995-01-01
2022Q1,EUR,1.1228,EXUSEU,1.1228,https://fred.stlouisfed.org/graph/fredgraph.csv?id=EXUSEU&fq=Quarterly&fam=avg&cosd=1995-01-01
2022Q2,EUR,1.0646,EXUSEU,1.0646,https://fred.stlouisfed.org/graph/fredgraph.csv?id=EXUSEU&fq=Quarterly&fam=avg&cosd=1995-01-01
2022Q3,EUR,1.0065,EXUSEU,1.0065,https://fred.stlouisfed.org/graph/fredgraph.csv?id=EXUSEU&fq=Quarterly&fam=avg&cosd=1995-01-01
2022Q4,EUR,1.0212,EXUSEU,1.0212,https://fred.stlouisfed.org/graph/fredgraph.csv?id=EXUSEU&fq=Quarterly&fam=avg&cosd=1995-01-01
2023Q1,EUR,1.073,EXUSEU,1.0730,https://fred.stlouisfed.org/graph/fredgraph.csv?id=EXUSEU&fq=Quarterly&fam=avg&cosd=1995-01-01
2023Q2,EUR,1.089,EXUSEU,1.0890,https://fred.stlouisfed.org/graph/fredgraph.csv?id=EXUSEU&fq=Quarterly&fam=avg&cosd=1995-01-01
2023Q3,EUR,1.0883,EXUSEU,1.0883,https://fred.stlouisfed.org/graph/fredgraph.csv?id=EXUSEU&fq=Quarterly&fam=avg&cosd=1995-01-01
2023Q4,EUR,1.0764,EXUSEU,1.0764,https://fred.stlouisfed.org/graph/fredgraph.csv?id=EXUSEU&fq=Quarterly&fam=avg&cosd=1995-01-01
2024Q1,EUR,1.0854,EXUSEU,1.0854,https://fred.stlouisfed.org/graph/fredgraph.csv?id=EXUSEU&fq=Quarterly&fam=avg&cosd=1995-01-01
2024Q2,EUR,1.0766,EXUSEU,1.0766,https://fred.stlouisfed.org/graph/fredgraph.csv?id=EXUSEU&fq=Quarterly&fam=avg&cosd=1995-01-01
2024Q3,EUR,1.099,EXUSEU,1.0990,https://fred.stlouisfed.org/graph/fredgraph.csv?id=EXUSEU&fq=Quarterly&fam=avg&cosd=1995-01-01
2024Q4,EUR,1.0663,EXUSEU,1.0663,https://fred.stlouisfed.org/graph/fredgraph.csv?id=EXUSEU&fq=Quarterly&fam=avg&cosd=1995-01-01
2025Q1,EUR,1.0527,EXUSEU,1.0527,https://fred.stlouisfed.org/graph/fredgraph.csv?id=EXUSEU&fq=Quarterly&fam=avg&cosd=1995-01-01
2025Q2,EUR,1.1347,EXUSEU,1.1347,https://fred.stlouisfed.org/graph/fredgraph.csv?id=EXUSEU&fq=Quarterly&fam=avg&cosd=1995-01-01
2025Q3,EUR,1.1686,EXUSEU,1.1686,https://fred.stlouisfed.org/graph/fredgraph.csv?id=EXUSEU&fq=Quarterly&fam=avg&cosd=1995-01-01
2025Q4,EUR,1.1636,EXUSEU,1.1636,https://fred.stlouisfed.org/graph/fredgraph.csv?id=EXUSEU&fq=Quarterly&fam=avg&cosd=1995-01-01
2026Q1,EUR,1.1708,EXUSEU,1.1708,https://fred.stlouisfed.org/graph/fredgraph.csv?id=EXUSEU&fq=Quarterly&fam=avg&cosd=1995-01-01
2026Q2,EUR,1.1631,EXUSEU,1.1631,https://fred.stlouisfed.org/graph/fredgraph.csv?id=EXUSEU&fq=Quarterly&fam=avg&cosd=1995-01-01
1995Q1,GBP,1.5823,EXUSUK,1.5823,https://fred.stlouisfed.org/graph/fredgraph.csv?id=EXUSUK&fq=Quarterly&fam=avg&cosd=1995-01-01
1995Q2,GBP,1.5965,EXUSUK,1.5965,https://fred.stlouisfed.org/graph/fredgraph.csv?id=EXUSUK&fq=Quarterly&fam=avg&cosd=1995-01-01
1995Q3,GBP,1.5737,EXUSUK,1.5737,https://fred.stlouisfed.org/graph/fredgraph.csv?id=EXUSUK&fq=Quarterly&fam=avg&cosd=1995-01-01
1995Q4,GBP,1.5603,EXUSUK,1.5603,https://fred.stlouisfed.org/graph/fredgraph.csv?id=EXUSUK&fq=Quarterly&fam=avg&cosd=1995-01-01
1996Q1,GBP,1.5306,EXUSUK,1.5306,https://fred.stlouisfed.org/graph/fredgraph.csv?id=EXUSUK&fq=Quarterly&fam=avg&cosd=1995-01-01
1996Q2,GBP,1.5243,EXUSUK,1.5243,https://fred.stlouisfed.org/graph/fredgraph.csv?id=EXUSUK&fq=Quarterly&fam=avg&cosd=1995-01-01
1996Q3,GBP,1.5541,EXUSUK,1.5541,https://fred.stlouisfed.org/graph/fredgraph.csv?id=EXUSUK&fq=Quarterly&fam=avg&cosd=1995-01-01
1996Q4,GBP,1.6375,EXUSUK,1.6375,https://fred.stlouisfed.org/graph/fredgraph.csv?id=EXUSUK&fq=Quarterly&fam=avg&cosd=1995-01-01
1997Q1,GBP,1.6312,EXUSUK,1.6312,https://fred.stlouisfed.org/graph/fredgraph.csv?id=EXUSUK&fq=Quarterly&fam=avg&cosd=1995-01-01
1997Q2,GBP,1.6355,EXUSUK,1.6355,https://fred.stlouisfed.org/graph/fredgraph.csv?id=EXUSUK&fq=Quarterly&fam=avg&cosd=1995-01-01
1997Q3,GBP,1.6247,EXUSUK,1.6247,https://fred.stlouisfed.org/graph/fredgraph.csv?id=EXUSUK&fq=Quarterly&fam=avg&cosd=1995-01-01
1997Q4,GBP,1.6605,EXUSUK,1.6605,https://fred.stlouisfed.org/graph/fredgraph.csv?id=EXUSUK&fq=Quarterly&fam=avg&cosd=1995-01-01
1998Q1,GBP,1.6459,EXUSUK,1.6459,https://fred.stlouisfed.org/graph/fredgraph.csv?id=EXUSUK&fq=Quarterly&fam=avg&cosd=1995-01-01
1998Q2,GBP,1.6536,EXUSUK,1.6536,https://fred.stlouisfed.org/graph/fredgraph.csv?id=EXUSUK&fq=Quarterly&fam=avg&cosd=1995-01-01
1998Q3,GBP,1.6534,EXUSUK,1.6534,https://fred.stlouisfed.org/graph/fredgraph.csv?id=EXUSUK&fq=Quarterly&fam=avg&cosd=1995-01-01
1998Q4,GBP,1.6754,EXUSUK,1.6754,https://fred.stlouisfed.org/graph/fredgraph.csv?id=EXUSUK&fq=Quarterly&fam=avg&cosd=1995-01-01
1999Q1,GBP,1.6329,EXUSUK,1.6329,https://fred.stlouisfed.org/graph/fredgraph.csv?id=EXUSUK&fq=Quarterly&fam=avg&cosd=1995-01-01
1999Q2,GBP,1.6064,EXUSUK,1.6064,https://fred.stlouisfed.org/graph/fredgraph.csv?id=EXUSUK&fq=Quarterly&fam=avg&cosd=1995-01-01
1999Q3,GBP,1.6019,EXUSUK,1.6019,https://fred.stlouisfed.org/graph/fredgraph.csv?id=EXUSUK&fq=Quarterly&fam=avg&cosd=1995-01-01
1999Q4,GBP,1.6303,EXUSUK,1.6303,https://fred.stlouisfed.org/graph/fredgraph.csv?id=EXUSUK&fq=Quarterly&fam=avg&cosd=1995-01-01
2000Q1,GBP,1.6068,EXUSUK,1.6068,https://fred.stlouisfed.org/graph/fredgraph.csv?id=EXUSUK&fq=Quarterly&fam=avg&cosd=1995-01-01
2000Q2,GBP,1.5335,EXUSUK,1.5335,https://fred.stlouisfed.org/graph/fredgraph.csv?id=EXUSUK&fq=Quarterly&fam=avg&cosd=1995-01-01
2000Q3,GBP,1.4767,EXUSUK,1.4767,https://fred.stlouisfed.org/graph/fredgraph.csv?id=EXUSUK&fq=Quarterly&fam=avg&cosd=1995-01-01
2000Q4,GBP,1.4464,EXUSUK,1.4464,https://fred.stlouisfed.org/graph/fredgraph.csv?id=EXUSUK&fq=Quarterly&fam=avg&cosd=1995-01-01
2001Q1,GBP,1.4582,EXUSUK,1.4582,https://fred.stlouisfed.org/graph/fredgraph.csv?id=EXUSUK&fq=Quarterly&fam=avg&cosd=1995-01-01
2001Q2,GBP,1.4211,EXUSUK,1.4211,https://fred.stlouisfed.org/graph/fredgraph.csv?id=EXUSUK&fq=Quarterly&fam=avg&cosd=1995-01-01
2001Q3,GBP,1.4386,EXUSUK,1.4386,https://fred.stlouisfed.org/graph/fredgraph.csv?id=EXUSUK&fq=Quarterly&fam=avg&cosd=1995-01-01
2001Q4,GBP,1.4423,EXUSUK,1.4423,https://fred.stlouisfed.org/graph/fredgraph.csv?id=EXUSUK&fq=Quarterly&fam=avg&cosd=1995-01-01
2002Q1,GBP,1.426,EXUSUK,1.4260,https://fred.stlouisfed.org/graph/fredgraph.csv?id=EXUSUK&fq=Quarterly&fam=avg&cosd=1995-01-01
2002Q2,GBP,1.4621,EXUSUK,1.4621,https://fred.stlouisfed.org/graph/fredgraph.csv?id=EXUSUK&fq=Quarterly&fam=avg&cosd=1995-01-01
2002Q3,GBP,1.5499,EXUSUK,1.5499,https://fred.stlouisfed.org/graph/fredgraph.csv?id=EXUSUK&fq=Quarterly&fam=avg&cosd=1995-01-01
2002Q4,GBP,1.5716,EXUSUK,1.5716,https://fred.stlouisfed.org/graph/fredgraph.csv?id=EXUSUK&fq=Quarterly&fam=avg&cosd=1995-01-01
2003Q1,GBP,1.6026,EXUSUK,1.6026,https://fred.stlouisfed.org/graph/fredgraph.csv?id=EXUSUK&fq=Quarterly&fam=avg&cosd=1995-01-01
2003Q2,GBP,1.6191,EXUSUK,1.6191,https://fred.stlouisfed.org/graph/fredgraph.csv?id=EXUSUK&fq=Quarterly&fam=avg&cosd=1995-01-01
2003Q3,GBP,1.6105,EXUSUK,1.6105,https://fred.stlouisfed.org/graph/fredgraph.csv?id=EXUSUK&fq=Quarterly&fam=avg&cosd=1995-01-01
2003Q4,GBP,1.7068,EXUSUK,1.7068,https://fred.stlouisfed.org/graph/fredgraph.csv?id=EXUSUK&fq=Quarterly&fam=avg&cosd=1995-01-01
2004Q1,GBP,1.8396,EXUSUK,1.8396,https://fred.stlouisfed.org/graph/fredgraph.csv?id=EXUSUK&fq=Quarterly&fam=avg&cosd=1995-01-01
2004Q2,GBP,1.8057,EXUSUK,1.8057,https://fred.stlouisfed.org/graph/fredgraph.csv?id=EXUSUK&fq=Quarterly&fam=avg&cosd=1995-01-01
2004Q3,GBP,1.8193,EXUSUK,1.8193,https://fred.stlouisfed.org/graph/fredgraph.csv?id=EXUSUK&fq=Quarterly&fam=avg&cosd=1995-01-01
2004Q4,GBP,1.8657,EXUSUK,1.8657,https://fred.stlouisfed.org/graph/fredgraph.csv?id=EXUSUK&fq=Quarterly&fam=avg&cosd=1995-01-01
2005Q1,GBP,1.8904,EXUSUK,1.8904,https://fred.stlouisfed.org/graph/fredgraph.csv?id=EXUSUK&fq=Quarterly&fam=avg&cosd=1995-01-01
2005Q2,GBP,1.8566,EXUSUK,1.8566,https://fred.stlouisfed.org/graph/fredgraph.csv?id=EXUSUK&fq=Quarterly&fam=avg&cosd=1995-01-01
2005Q3,GBP,1.7838,EXUSUK,1.7838,https://fred.stlouisfed.org/graph/fredgraph.csv?id=EXUSUK&fq=Quarterly&fam=avg&cosd=1995-01-01
2005Q4,GBP,1.7486,EXUSUK,1.7486,https://fred.stlouisfed.org/graph/fredgraph.csv?id=EXUSUK&fq=Quarterly&fam=avg&cosd=1995-01-01
2006Q1,GBP,1.7536,EXUSUK,1.7536,https://fred.stlouisfed.org/graph/fredgraph.csv?id=EXUSUK&fq=Quarterly&fam=avg&cosd=1995-01-01
2006Q2,GBP,1.8267,EXUSUK,1.8267,https://fred.stlouisfed.org/graph/fredgraph.csv?id=EXUSUK&fq=Quarterly&fam=avg&cosd=1995-01-01
2006Q3,GBP,1.8741,EXUSUK,1.8741,https://fred.stlouisfed.org/graph/fredgraph.csv?id=EXUSUK&fq=Quarterly&fam=avg&cosd=1995-01-01
2006Q4,GBP,1.9173,EXUSUK,1.9173,https://fred.stlouisfed.org/graph/fredgraph.csv?id=EXUSUK&fq=Quarterly&fam=avg&cosd=1995-01-01
2007Q1,GBP,1.955,EXUSUK,1.9550,https://fred.stlouisfed.org/graph/fredgraph.csv?id=EXUSUK&fq=Quarterly&fam=avg&cosd=1995-01-01
2007Q2,GBP,1.9863,EXUSUK,1.9863,https://fred.stlouisfed.org/graph/fredgraph.csv?id=EXUSUK&fq=Quarterly&fam=avg&cosd=1995-01-01
2007Q3,GBP,2.0216,EXUSUK,2.0216,https://fred.stlouisfed.org/graph/fredgraph.csv?id=EXUSUK&fq=Quarterly&fam=avg&cosd=1995-01-01
2007Q4,GBP,2.0437,EXUSUK,2.0437,https://fred.stlouisfed.org/graph/fredgraph.csv?id=EXUSUK&fq=Quarterly&fam=avg&cosd=1995-01-01
2008Q1,GBP,1.9788,EXUSUK,1.9788,https://fred.stlouisfed.org/graph/fredgraph.csv?id=EXUSUK&fq=Quarterly&fam=avg&cosd=1995-01-01
2008Q2,GBP,1.971,EXUSUK,1.9710,https://fred.stlouisfed.org/graph/fredgraph.csv?id=EXUSUK&fq=Quarterly&fam=avg&cosd=1995-01-01
2008Q3,GBP,1.8909,EXUSUK,1.8909,https://fred.stlouisfed.org/graph/fredgraph.csv?id=EXUSUK&fq=Quarterly&fam=avg&cosd=1995-01-01
2008Q4,GBP,1.5681,EXUSUK,1.5681,https://fred.stlouisfed.org/graph/fredgraph.csv?id=EXUSUK&fq=Quarterly&fam=avg&cosd=1995-01-01
2009Q1,GBP,1.4351,EXUSUK,1.4351,https://fred.stlouisfed.org/graph/fredgraph.csv?id=EXUSUK&fq=Quarterly&fam=avg&cosd=1995-01-01
2009Q2,GBP,1.55,EXUSUK,1.5500,https://fred.stlouisfed.org/graph/fredgraph.csv?id=EXUSUK&fq=Quarterly&fam=avg&cosd=1995-01-01
2009Q3,GBP,1.6411,EXUSUK,1.6411,https://fred.stlouisfed.org/graph/fredgraph.csv?id=EXUSUK&fq=Quarterly&fam=avg&cosd=1995-01-01
2009Q4,GBP,1.6346,EXUSUK,1.6346,https://fred.stlouisfed.org/graph/fredgraph.csv?id=EXUSUK&fq=Quarterly&fam=avg&cosd=1995-01-01
2010Q1,GBP,1.5611,EXUSUK,1.5611,https://fred.stlouisfed.org/graph/fredgraph.csv?id=EXUSUK&fq=Quarterly&fam=avg&cosd=1995-01-01
2010Q2,GBP,1.4923,EXUSUK,1.4923,https://fred.stlouisfed.org/graph/fredgraph.csv?id=EXUSUK&fq=Quarterly&fam=avg&cosd=1995-01-01
2010Q3,GBP,1.5519,EXUSUK,1.5519,https://fred.stlouisfed.org/graph/fredgraph.csv?id=EXUSUK&fq=Quarterly&fam=avg&cosd=1995-01-01
2010Q4,GBP,1.5808,EXUSUK,1.5808,https://fred.stlouisfed.org/graph/fredgraph.csv?id=EXUSUK&fq=Quarterly&fam=avg&cosd=1995-01-01
2011Q1,GBP,1.6022,EXUSUK,1.6022,https://fred.stlouisfed.org/graph/fredgraph.csv?id=EXUSUK&fq=Quarterly&fam=avg&cosd=1995-01-01
2011Q2,GBP,1.631,EXUSUK,1.6310,https://fred.stlouisfed.org/graph/fredgraph.csv?id=EXUSUK&fq=Quarterly&fam=avg&cosd=1995-01-01
2011Q3,GBP,1.6095,EXUSUK,1.6095,https://fred.stlouisfed.org/graph/fredgraph.csv?id=EXUSUK&fq=Quarterly&fam=avg&cosd=1995-01-01
2011Q4,GBP,1.572,EXUSUK,1.5720,https://fred.stlouisfed.org/graph/fredgraph.csv?id=EXUSUK&fq=Quarterly&fam=avg&cosd=1995-01-01
2012Q1,GBP,1.5717,EXUSUK,1.5717,https://fred.stlouisfed.org/graph/fredgraph.csv?id=EXUSUK&fq=Quarterly&fam=avg&cosd=1995-01-01
2012Q2,GBP,1.5827,EXUSUK,1.5827,https://fred.stlouisfed.org/graph/fredgraph.csv?id=EXUSUK&fq=Quarterly&fam=avg&cosd=1995-01-01
2012Q3,GBP,1.5814,EXUSUK,1.5814,https://fred.stlouisfed.org/graph/fredgraph.csv?id=EXUSUK&fq=Quarterly&fam=avg&cosd=1995-01-01
2012Q4,GBP,1.6064,EXUSUK,1.6064,https://fred.stlouisfed.org/graph/fredgraph.csv?id=EXUSUK&fq=Quarterly&fam=avg&cosd=1995-01-01
2013Q1,GBP,1.5506,EXUSUK,1.5506,https://fred.stlouisfed.org/graph/fredgraph.csv?id=EXUSUK&fq=Quarterly&fam=avg&cosd=1995-01-01
2013Q2,GBP,1.5367,EXUSUK,1.5367,https://fred.stlouisfed.org/graph/fredgraph.csv?id=EXUSUK&fq=Quarterly&fam=avg&cosd=1995-01-01
2013Q3,GBP,1.5523,EXUSUK,1.5523,https://fred.stlouisfed.org/graph/fredgraph.csv?id=EXUSUK&fq=Quarterly&fam=avg&cosd=1995-01-01
2013Q4,GBP,1.6194,EXUSUK,1.6194,https://fred.stlouisfed.org/graph/fredgraph.csv?id=EXUSUK&fq=Quarterly&fam=avg&cosd=1995-01-01
2014Q1,GBP,1.6551,EXUSUK,1.6551,https://fred.stlouisfed.org/graph/fredgraph.csv?id=EXUSUK&fq=Quarterly&fam=avg&cosd=1995-01-01
2014Q2,GBP,1.6833,EXUSUK,1.6833,https://fred.stlouisfed.org/graph/fredgraph.csv?id=EXUSUK&fq=Quarterly&fam=avg&cosd=1995-01-01
2014Q3,GBP,1.6685,EXUSUK,1.6685,https://fred.stlouisfed.org/graph/fredgraph.csv?id=EXUSUK&fq=Quarterly&fam=avg&cosd=1995-01-01
2014Q4,GBP,1.583,EXUSUK,1.5830,https://fred.stlouisfed.org/graph/fredgraph.csv?id=EXUSUK&fq=Quarterly&fam=avg&cosd=1995-01-01
2015Q1,GBP,1.5143,EXUSUK,1.5143,https://fred.stlouisfed.org/graph/fredgraph.csv?id=EXUSUK&fq=Quarterly&fam=avg&cosd=1995-01-01
2015Q2,GBP,1.5333,EXUSUK,1.5333,https://fred.stlouisfed.org/graph/fredgraph.csv?id=EXUSUK&fq=Quarterly&fam=avg&cosd=1995-01-01
2015Q3,GBP,1.5492,EXUSUK,1.5492,https://fred.stlouisfed.org/graph/fredgraph.csv?id=EXUSUK&fq=Quarterly&fam=avg&cosd=1995-01-01
2015Q4,GBP,1.5173,EXUSUK,1.5173,https://fred.stlouisfed.org/graph/fredgraph.csv?id=EXUSUK&fq=Quarterly&fam=avg&cosd=1995-01-01
2016Q1,GBP,1.431,EXUSUK,1.4310,https://fred.stlouisfed.org/graph/fredgraph.csv?id=EXUSUK&fq=Quarterly&fam=avg&cosd=1995-01-01
2016Q2,GBP,1.4347,EXUSUK,1.4347,https://fred.stlouisfed.org/graph/fredgraph.csv?id=EXUSUK&fq=Quarterly&fam=avg&cosd=1995-01-01
2016Q3,GBP,1.3125,EXUSUK,1.3125,https://fred.stlouisfed.org/graph/fredgraph.csv?id=EXUSUK&fq=Quarterly&fam=avg&cosd=1995-01-01
2016Q4,GBP,1.2415,EXUSUK,1.2415,https://fred.stlouisfed.org/graph/fredgraph.csv?id=EXUSUK&fq=Quarterly&fam=avg&cosd=1995-01-01
2017Q1,GBP,1.2403,EXUSUK,1.2403,https://fred.stlouisfed.org/graph/fredgraph.csv?id=EXUSUK&fq=Quarterly&fam=avg&cosd=1995-01-01
2017Q2,GBP,1.2793,EXUSUK,1.2793,https://fred.stlouisfed.org/graph/fredgraph.csv?id=EXUSUK&fq=Quarterly&fam=avg&cosd=1995-01-01
2017Q3,GBP,1.3096,EXUSUK,1.3096,https://fred.stlouisfed.org/graph/fredgraph.csv?id=EXUSUK&fq=Quarterly&fam=avg&cosd=1995-01-01
2017Q4,GBP,1.3274,EXUSUK,1.3274,https://fred.stlouisfed.org/graph/fredgraph.csv?id=EXUSUK&fq=Quarterly&fam=avg&cosd=1995-01-01
2018Q1,GBP,1.392,EXUSUK,1.3920,https://fred.stlouisfed.org/graph/fredgraph.csv?id=EXUSUK&fq=Quarterly&fam=avg&cosd=1995-01-01
2018Q2,GBP,1.3614,EXUSUK,1.3614,https://fred.stlouisfed.org/graph/fredgraph.csv?id=EXUSUK&fq=Quarterly&fam=avg&cosd=1995-01-01
2018Q3,GBP,1.3035,EXUSUK,1.3035,https://fred.stlouisfed.org/graph/fredgraph.csv?id=EXUSUK&fq=Quarterly&fam=avg&cosd=1995-01-01
2018Q4,GBP,1.2859,EXUSUK,1.2859,https://fred.stlouisfed.org/graph/fredgraph.csv?id=EXUSUK&fq=Quarterly&fam=avg&cosd=1995-01-01
2019Q1,GBP,1.3028,EXUSUK,1.3028,https://fred.stlouisfed.org/graph/fredgraph.csv?id=EXUSUK&fq=Quarterly&fam=avg&cosd=1995-01-01
2019Q2,GBP,1.2853,EXUSUK,1.2853,https://fred.stlouisfed.org/graph/fredgraph.csv?id=EXUSUK&fq=Quarterly&fam=avg&cosd=1995-01-01
2019Q3,GBP,1.233,EXUSUK,1.2330,https://fred.stlouisfed.org/graph/fredgraph.csv?id=EXUSUK&fq=Quarterly&fam=avg&cosd=1995-01-01
2019Q4,GBP,1.2883,EXUSUK,1.2883,https://fred.stlouisfed.org/graph/fredgraph.csv?id=EXUSUK&fq=Quarterly&fam=avg&cosd=1995-01-01
2020Q1,GBP,1.2799,EXUSUK,1.2799,https://fred.stlouisfed.org/graph/fredgraph.csv?id=EXUSUK&fq=Quarterly&fam=avg&cosd=1995-01-01
2020Q2,GBP,1.2415,EXUSUK,1.2415,https://fred.stlouisfed.org/graph/fredgraph.csv?id=EXUSUK&fq=Quarterly&fam=avg&cosd=1995-01-01
2020Q3,GBP,1.293,EXUSUK,1.2930,https://fred.stlouisfed.org/graph/fredgraph.csv?id=EXUSUK&fq=Quarterly&fam=avg&cosd=1995-01-01
2020Q4,GBP,1.3204,EXUSUK,1.3204,https://fred.stlouisfed.org/graph/fredgraph.csv?id=EXUSUK&fq=Quarterly&fam=avg&cosd=1995-01-01
2021Q1,GBP,1.379,EXUSUK,1.3790,https://fred.stlouisfed.org/graph/fredgraph.csv?id=EXUSUK&fq=Quarterly&fam=avg&cosd=1995-01-01
2021Q2,GBP,1.3985,EXUSUK,1.3985,https://fred.stlouisfed.org/graph/fredgraph.csv?id=EXUSUK&fq=Quarterly&fam=avg&cosd=1995-01-01
2021Q3,GBP,1.3779,EXUSUK,1.3779,https://fred.stlouisfed.org/graph/fredgraph.csv?id=EXUSUK&fq=Quarterly&fam=avg&cosd=1995-01-01
2021Q4,GBP,1.3489,EXUSUK,1.3489,https://fred.stlouisfed.org/graph/fredgraph.csv?id=EXUSUK&fq=Quarterly&fam=avg&cosd=1995-01-01
2022Q1,GBP,1.3421,EXUSUK,1.3421,https://fred.stlouisfed.org/graph/fredgraph.csv?id=EXUSUK&fq=Quarterly&fam=avg&cosd=1995-01-01
2022Q2,GBP,1.2564,EXUSUK,1.2564,https://fred.stlouisfed.org/graph/fredgraph.csv?id=EXUSUK&fq=Quarterly&fam=avg&cosd=1995-01-01
2022Q3,GBP,1.1763,EXUSUK,1.1763,https://fred.stlouisfed.org/graph/fredgraph.csv?id=EXUSUK&fq=Quarterly&fam=avg&cosd=1995-01-01
2022Q4,GBP,1.1746,EXUSUK,1.1746,https://fred.stlouisfed.org/graph/fredgraph.csv?id=EXUSUK&fq=Quarterly&fam=avg&cosd=1995-01-01
2023Q1,GBP,1.2153,EXUSUK,1.2153,https://fred.stlouisfed.org/graph/fredgraph.csv?id=EXUSUK&fq=Quarterly&fam=avg&cosd=1995-01-01
2023Q2,GBP,1.2519,EXUSUK,1.2519,https://fred.stlouisfed.org/graph/fredgraph.csv?id=EXUSUK&fq=Quarterly&fam=avg&cosd=1995-01-01
2023Q3,GBP,1.266,EXUSUK,1.2660,https://fred.stlouisfed.org/graph/fredgraph.csv?id=EXUSUK&fq=Quarterly&fam=avg&cosd=1995-01-01
2023Q4,GBP,1.2423,EXUSUK,1.2423,https://fred.stlouisfed.org/graph/fredgraph.csv?id=EXUSUK&fq=Quarterly&fam=avg&cosd=1995-01-01
2024Q1,GBP,1.2681,EXUSUK,1.2681,https://fred.stlouisfed.org/graph/fredgraph.csv?id=EXUSUK&fq=Quarterly&fam=avg&cosd=1995-01-01
2024Q2,GBP,1.2623,EXUSUK,1.2623,https://fred.stlouisfed.org/graph/fredgraph.csv?id=EXUSUK&fq=Quarterly&fam=avg&cosd=1995-01-01
2024Q3,GBP,1.3011,EXUSUK,1.3011,https://fred.stlouisfed.org/graph/fredgraph.csv?id=EXUSUK&fq=Quarterly&fam=avg&cosd=1995-01-01
2024Q4,GBP,1.2809,EXUSUK,1.2809,https://fred.stlouisfed.org/graph/fredgraph.csv?id=EXUSUK&fq=Quarterly&fam=avg&cosd=1995-01-01
2025Q1,GBP,1.2603,EXUSUK,1.2603,https://fred.stlouisfed.org/graph/fredgraph.csv?id=EXUSUK&fq=Quarterly&fam=avg&cosd=1995-01-01
2025Q2,GBP,1.336,EXUSUK,1.3360,https://fred.stlouisfed.org/graph/fredgraph.csv?id=EXUSUK&fq=Quarterly&fam=avg&cosd=1995-01-01
2025Q3,GBP,1.3484,EXUSUK,1.3484,https://fred.stlouisfed.org/graph/fredgraph.csv?id=EXUSUK&fq=Quarterly&fam=avg&cosd=1995-01-01
2025Q4,GBP,1.3294,EXUSUK,1.3294,https://fred.stlouisfed.org/graph/fredgraph.csv?id=EXUSUK&fq=Quarterly&fam=avg&cosd=1995-01-01
2026Q1,GBP,1.3485,EXUSUK,1.3485,https://fred.stlouisfed.org/graph/fredgraph.csv?id=EXUSUK&fq=Quarterly&fam=avg&cosd=1995-01-01
2026Q2,GBP,1.343,EXUSUK,1.3430,https://fred.stlouisfed.org/graph/fredgraph.csv?id=EXUSUK&fq=Quarterly&fam=avg&cosd=1995-01-01
1995Q1,INR,0.03180004,EXINUS,31.4465,https://fred.stlouisfed.org/graph/fredgraph.csv?id=EXINUS&fq=Quarterly&fam=avg&cosd=1995-01-01
1995Q2,INR,0.0318374,EXINUS,31.4096,https://fred.stlouisfed.org/graph/fredgraph.csv?id=EXINUS&fq=Quarterly&fam=avg&cosd=1995-01-01
1995Q3,INR,0.03115672,EXINUS,32.0958,https://fred.stlouisfed.org/graph/fredgraph.csv?id=EXINUS&fq=Quarterly&fam=avg&cosd=1995-01-01
1995Q4,INR,0.02875414,EXINUS,34.7776,https://fred.stlouisfed.org/graph/fredgraph.csv?id=EXINUS&fq=Quarterly&fam=avg&cosd=1995-01-01
1996Q1,INR,0.02806584,EXINUS,35.6305,https://fred.stlouisfed.org/graph/fredgraph.csv?id=EXINUS&fq=Quarterly&fam=avg&cosd=1995-01-01
1996Q2,INR,0.0287235,EXINUS,34.8147,https://fred.stlouisfed.org/graph/fredgraph.csv?id=EXINUS&fq=Quarterly&fam=avg&cosd=1995-01-01
1996Q3,INR,0.02794928,EXINUS,35.7791,https://fred.stlouisfed.org/graph/fredgraph.csv?id=EXINUS&fq=Quarterly&fam=avg&cosd=1995-01-01
1996Q4,INR,0.0279007,EXINUS,35.8414,https://fred.stlouisfed.org/graph/fredgraph.csv?id=EXINUS&fq=Quarterly&fam=avg&cosd=1995-01-01
1997Q1,INR,0.02786059,EXINUS,35.8930,https://fred.stlouisfed.org/graph/fredgraph.csv?id=EXINUS&fq=Quarterly&fam=avg&cosd=1995-01-01
1997Q2,INR,0.02791394,EXINUS,35.8244,https://fred.stlouisfed.org/graph/fredgraph.csv?id=EXINUS&fq=Quarterly&fam=avg&cosd=1995-01-01
1997Q3,INR,0.02771834,EXINUS,36.0772,https://fred.stlouisfed.org/graph/fredgraph.csv?id=EXINUS&fq=Quarterly&fam=avg&cosd=1995-01-01
1997Q4,INR,0.02655083,EXINUS,37.6636,https://fred.stlouisfed.org/graph/fredgraph.csv?id=EXINUS&fq=Quarterly&fam=avg&cosd=1995-01-01
1998Q1,INR,0.02543073,EXINUS,39.3225,https://fred.stlouisfed.org/graph/fredgraph.csv?id=EXINUS&fq=Quarterly&fam=avg&cosd=1995-01-01
1998Q2,INR,0.02448214,EXINUS,40.8461,https://fred.stlouisfed.org/graph/fredgraph.csv?id=EXINUS&fq=Quarterly&fam=avg&cosd=1995-01-01
1998Q3,INR,0.02343133,EXINUS,42.6779,https://fred.stlouisfed.org/graph/fredgraph.csv?id=EXINUS&fq=Quarterly&fam=avg&cosd=1995-01-01
1998Q4,INR,0.02354537,EXINUS,42.4712,https://fred.stlouisfed.org/graph/fredgraph.csv?id=EXINUS&fq=Quarterly&fam=avg&cosd=1995-01-01
1999Q1,INR,0.02351226,EXINUS,42.5310,https://fred.stlouisfed.org/graph/fredgraph.csv?id=EXINUS&fq=Quarterly&fam=avg&cosd=1995-01-01
1999Q2,INR,0.02327953,EXINUS,42.9562,https://fred.stlouisfed.org/graph/fredgraph.csv?id=EXINUS&fq=Quarterly&fam=avg&cosd=1995-01-01
1999Q3,INR,0.02299591,EXINUS,43.4860,https://fred.stlouisfed.org/graph/fredgraph.csv?id=EXINUS&fq=Quarterly&fam=avg&cosd=1995-01-01
1999Q4,INR,0.02298238,EXINUS,43.5116,https://fred.stlouisfed.org/graph/fredgraph.csv?id=EXINUS&fq=Quarterly&fam=avg&cosd=1995-01-01
2000Q1,INR,0.02292143,EXINUS,43.6273,https://fred.stlouisfed.org/graph/fredgraph.csv?id=EXINUS&fq=Quarterly&fam=avg&cosd=1995-01-01
2000Q2,INR,0.0226379,EXINUS,44.1737,https://fred.stlouisfed.org/graph/fredgraph.csv?id=EXINUS&fq=Quarterly&fam=avg&cosd=1995-01-01
2000Q3,INR,0.02196562,EXINUS,45.5257,https://fred.stlouisfed.org/graph/fredgraph.csv?id=EXINUS&fq=Quarterly&fam=avg&cosd=1995-01-01
2000Q4,INR,0.02142383,EXINUS,46.6770,https://fred.stlouisfed.org/graph/fredgraph.csv?id=EXINUS&fq=Quarterly&fam=avg&cosd=1995-01-01
2001Q1,INR,0.02145485,EXINUS,46.6095,https://fred.stlouisfed.org/graph/fredgraph.csv?id=EXINUS&fq=Quarterly&fam=avg&cosd=1995-01-01
2001Q2,INR,0.0213101,EXINUS,46.9261,https://fred.stlouisfed.org/graph/fredgraph.csv?id=EXINUS&fq=Quarterly&fam=avg&cosd=1995-01-01
2001Q3,INR,0.02111255,EXINUS,47.3652,https://fred.stlouisfed.org/graph/fredgraph.csv?id=EXINUS&fq=Quarterly&fam=avg&cosd=1995-01-01
2001Q4,INR,0.02082917,EXINUS,48.0096,https://fred.stlouisfed.org/graph/fredgraph.csv?id=EXINUS&fq=Quarterly&fam=avg&cosd=1995-01-01
2002Q1,INR,0.02057093,EXINUS,48.6123,https://fred.stlouisfed.org/graph/fredgraph.csv?id=EXINUS&fq=Quarterly&fam=avg&cosd=1995-01-01
2002Q2,INR,0.02041658,EXINUS,48.9798,https://fred.stlouisfed.org/graph/fredgraph.csv?id=EXINUS&fq=Quarterly&fam=avg&cosd=1995-01-01
2002Q3,INR,0.02056695,EXINUS,48.6217,https://fred.stlouisfed.org/graph/fredgraph.csv?id=EXINUS&fq=Quarterly&fam=avg&cosd=1995-01-01
2002Q4,INR,0.02071496,EXINUS,48.2743,https://fred.stlouisfed.org/graph/fredgraph.csv?id=EXINUS&fq=Quarterly&fam=avg&cosd=1995-01-01
2003Q1,INR,0.02092326,EXINUS,47.7937,https://fred.stlouisfed.org/graph/fredgraph.csv?id=EXINUS&fq=Quarterly&fam=avg&cosd=1995-01-01
2003Q2,INR,0.0212464,EXINUS,47.0668,https://fred.stlouisfed.org/graph/fredgraph.csv?id=EXINUS&fq=Quarterly&fam=avg&cosd=1995-01-01
2003Q3,INR,0.02173559,EXINUS,46.0075,https://fred.stlouisfed.org/graph/fredgraph.csv?id=EXINUS&fq=Quarterly&fam=avg&cosd=1995-01-01
2003Q4,INR,0.02197285,EXINUS,45.5107,https://fred.stlouisfed.org/graph/fredgraph.csv?id=EXINUS&fq=Quarterly&fam=avg&cosd=1995-01-01
2004Q1,INR,0.02210795,EXINUS,45.2326,https://fred.stlouisfed.org/graph/fredgraph.csv?id=EXINUS&fq=Quarterly&fam=avg&cosd=1995-01-01
2004Q2,INR,0.02229321,EXINUS,44.8567,https://fred.stlouisfed.org/graph/fredgraph.csv?id=EXINUS&fq=Quarterly&fam=avg&cosd=1995-01-01
2004Q3,INR,0.0216712,EXINUS,46.1442,https://fred.stlouisfed.org/graph/fredgraph.csv?id=EXINUS&fq=Quarterly&fam=avg&cosd=1995-01-01
2004Q4,INR,0.02228576,EXINUS,44.8717,https://fred.stlouisfed.org/graph/fredgraph.csv?id=EXINUS&fq=Quarterly&fam=avg&cosd=1995-01-01
2005Q1,INR,0.02293983,EXINUS,43.5923,https://fred.stlouisfed.org/graph/fredgraph.csv?id=EXINUS&fq=Quarterly&fam=avg&cosd=1995-01-01
2005Q2,INR,0.02297514,EXINUS,43.5253,https://fred.stlouisfed.org/graph/fredgraph.csv?id=EXINUS&fq=Quarterly&fam=avg&cosd=1995-01-01
2005Q3,INR,0.02293047,EXINUS,43.6101,https://fred.stlouisfed.org/graph/fredgraph.csv?id=EXINUS&fq=Quarterly&fam=avg&cosd=1995-01-01
2005Q4,INR,0.02206658,EXINUS,45.3174,https://fred.stlouisfed.org/graph/fredgraph.csv?id=EXINUS&fq=Quarterly&fam=avg&cosd=1995-01-01
2006Q1,INR,0.02259565,EXINUS,44.2563,https://fred.stlouisfed.org/graph/fredgraph.csv?id=EXINUS&fq=Quarterly&fam=avg&cosd=1995-01-01
2006Q2,INR,0.02207359,EXINUS,45.3030,https://fred.stlouisfed.org/graph/fredgraph.csv?id=EXINUS&fq=Quarterly&fam=avg&cosd=1995-01-01
2006Q3,INR,0.02161008,EXINUS,46.2747,https://fred.stlouisfed.org/graph/fredgraph.csv?id=EXINUS&fq=Quarterly&fam=avg&cosd=1995-01-01
2006Q4,INR,0.02229416,EXINUS,44.8548,https://fred.stlouisfed.org/graph/fredgraph.csv?id=EXINUS&fq=Quarterly&fam=avg&cosd=1995-01-01
2007Q1,INR,0.02272397,EXINUS,44.0064,https://fred.stlouisfed.org/graph/fredgraph.csv?id=EXINUS&fq=Quarterly&fam=avg&cosd=1995-01-01
2007Q2,INR,0.02435526,EXINUS,41.0589,https://fred.stlouisfed.org/graph/fredgraph.csv?id=EXINUS&fq=Quarterly&fam=avg&cosd=1995-01-01
2007Q3,INR,0.0247675,EXINUS,40.3755,https://fred.stlouisfed.org/graph/fredgraph.csv?id=EXINUS&fq=Quarterly&fam=avg&cosd=1995-01-01
2007Q4,INR,0.02540915,EXINUS,39.3559,https://fred.stlouisfed.org/graph/fredgraph.csv?id=EXINUS&fq=Quarterly&fam=avg&cosd=1995-01-01
2008Q1,INR,0.02519184,EXINUS,39.6954,https://fred.stlouisfed.org/graph/fredgraph.csv?id=EXINUS&fq=Quarterly&fam=avg&cosd=1995-01-01
2008Q2,INR,0.02405159,EXINUS,41.5773,https://fred.stlouisfed.org/graph/fredgraph.csv?id=EXINUS&fq=Quarterly&fam=avg&cosd=1995-01-01
2008Q3,INR,0.02287659,EXINUS,43.7128,https://fred.stlouisfed.org/graph/fredgraph.csv?id=EXINUS&fq=Quarterly&fam=avg&cosd=1995-01-01
2008Q4,INR,0.02055072,EXINUS,48.6601,https://fred.stlouisfed.org/graph/fredgraph.csv?id=EXINUS&fq=Quarterly&fam=avg&cosd=1995-01-01
2009Q1,INR,0.02012384,EXINUS,49.6923,https://fred.stlouisfed.org/graph/fredgraph.csv?id=EXINUS&fq=Quarterly&fam=avg&cosd=1995-01-01
2009Q2,INR,0.02052697,EXINUS,48.7164,https://fred.stlouisfed.org/graph/fredgraph.csv?id=EXINUS&fq=Quarterly&fam=avg&cosd=1995-01-01
2009Q3,INR,0.02070432,EXINUS,48.2991,https://fred.stlouisfed.org/graph/fredgraph.csv?id=EXINUS&fq=Quarterly&fam=avg&cosd=1995-01-01
2009Q4,INR,0.02147301,EXINUS,46.5701,https://fred.stlouisfed.org/graph/fredgraph.csv?id=EXINUS&fq=Quarterly&fam=avg&cosd=1995-01-01
2010Q1,INR,0.02179941,EXINUS,45.8728,https://fred.stlouisfed.org/graph/fredgraph.csv?id=EXINUS&fq=Quarterly&fam=avg&cosd=1995-01-01
2010Q2,INR,0.02194407,EXINUS,45.5704,https://fred.stlouisfed.org/graph/fredgraph.csv?id=EXINUS&fq=Quarterly&fam=avg&cosd=1995-01-01
2010Q3,INR,0.02156799,EXINUS,46.3650,https://fred.stlouisfed.org/graph/fredgraph.csv?id=EXINUS&fq=Quarterly&fam=avg&cosd=1995-01-01
2010Q4,INR,0.02232382,EXINUS,44.7952,https://fred.stlouisfed.org/graph/fredgraph.csv?id=EXINUS&fq=Quarterly&fam=avg&cosd=1995-01-01
2011Q1,INR,0.02211269,EXINUS,45.2229,https://fred.stlouisfed.org/graph/fredgraph.csv?id=EXINUS&fq=Quarterly&fam=avg&cosd=1995-01-01
2011Q2,INR,0.02238569,EXINUS,44.6714,https://fred.stlouisfed.org/graph/fredgraph.csv?id=EXINUS&fq=Quarterly&fam=avg&cosd=1995-01-01
2011Q3,INR,0.02183406,EXINUS,45.8000,https://fred.stlouisfed.org/graph/fredgraph.csv?id=EXINUS&fq=Quarterly&fam=avg&cosd=1995-01-01
2011Q4,INR,0.01970276,EXINUS,50.7543,https://fred.stlouisfed.org/graph/fredgraph.csv?id=EXINUS&fq=Quarterly&fam=avg&cosd=1995-01-01
2012Q1,INR,0.01992742,EXINUS,50.1821,https://fred.stlouisfed.org/graph/fredgraph.csv?id=EXINUS&fq=Quarterly&fam=avg&cosd=1995-01-01
2012Q2,INR,0.01852267,EXINUS,53.9879,https://fred.stlouisfed.org/graph/fredgraph.csv?id=EXINUS&fq=Quarterly&fam=avg&cosd=1995-01-01
2012Q3,INR,0.01815231,EXINUS,55.0894,https://fred.stlouisfed.org/graph/fredgraph.csv?id=EXINUS&fq=Quarterly&fam=avg&cosd=1995-01-01
2012Q4,INR,0.01845802,EXINUS,54.1770,https://fred.stlouisfed.org/graph/fredgraph.csv?id=EXINUS&fq=Quarterly&fam=avg&cosd=1995-01-01
2013Q1,INR,0.0184661,EXINUS,54.1533,https://fred.stlouisfed.org/graph/fredgraph.csv?id=EXINUS&fq=Quarterly&fam=avg&cosd=1995-01-01
2013Q2,INR,0.01788998,EXINUS,55.8972,https://fred.stlouisfed.org/graph/fredgraph.csv?id=EXINUS&fq=Quarterly&fam=avg&cosd=1995-01-01
2013Q3,INR,0.01610999,EXINUS,62.0733,https://fred.stlouisfed.org/graph/fredgraph.csv?id=EXINUS&fq=Quarterly&fam=avg&cosd=1995-01-01
2013Q4,INR,0.01613468,EXINUS,61.9783,https://fred.stlouisfed.org/graph/fredgraph.csv?id=EXINUS&fq=Quarterly&fam=avg&cosd=1995-01-01
2014Q1,INR,0.01619716,EXINUS,61.7392,https://fred.stlouisfed.org/graph/fredgraph.csv?id=EXINUS&fq=Quarterly&fam=avg&cosd=1995-01-01
2014Q2,INR,0.01672546,EXINUS,59.7891,https://fred.stlouisfed.org/graph/fredgraph.csv?id=EXINUS&fq=Quarterly&fam=avg&cosd=1995-01-01
2014Q3,INR,0.01649558,EXINUS,60.6223,https://fred.stlouisfed.org/graph/fredgraph.csv?id=EXINUS&fq=Quarterly&fam=avg&cosd=1995-01-01
2014Q4,INR,0.01615016,EXINUS,61.9189,https://fred.stlouisfed.org/graph/fredgraph.csv?id=EXINUS&fq=Quarterly&fam=avg&cosd=1995-01-01
2015Q1,INR,0.01607709,EXINUS,62.2003,https://fred.stlouisfed.org/graph/fredgraph.csv?id=EXINUS&fq=Quarterly&fam=avg&cosd=1995-01-01
2015Q2,INR,0.01577807,EXINUS,63.3791,https://fred.stlouisfed.org/graph/fredgraph.csv?id=EXINUS&fq=Quarterly&fam=avg&cosd=1995-01-01
2015Q3,INR,0.01539501,EXINUS,64.9561,https://fred.stlouisfed.org/graph/fredgraph.csv?id=EXINUS&fq=Quarterly&fam=avg&cosd=1995-01-01
2015Q4,INR,0.01517999,EXINUS,65.8762,https://fred.stlouisfed.org/graph/fredgraph.csv?id=EXINUS&fq=Quarterly&fam=avg&cosd=1995-01-01
2016Q1,INR,0.01481747,EXINUS,67.4879,https://fred.stlouisfed.org/graph/fredgraph.csv?id=EXINUS&fq=Quarterly&fam=avg&cosd=1995-01-01
2016Q2,INR,0.01495685,EXINUS,66.8590,https://fred.stlouisfed.org/graph/fredgraph.csv?id=EXINUS&fq=Quarterly&fam=avg&cosd=1995-01-01
2016Q3,INR,0.01494208,EXINUS,66.9251,https://fred.stlouisfed.org/graph/fredgraph.csv?id=EXINUS&fq=Quarterly&fam=avg&cosd=1995-01-01
2016Q4,INR,0.01483781,EXINUS,67.3954,https://fred.stlouisfed.org/graph/fredgraph.csv?id=EXINUS&fq=Quarterly&fam=avg&cosd=1995-01-01
2017Q1,INR,0.01493868,EXINUS,66.9403,https://fred.stlouisfed.org/graph/fredgraph.csv?id=EXINUS&fq=Quarterly&fam=avg&cosd=1995-01-01
2017Q2,INR,0.0155116,EXINUS,64.4679,https://fred.stlouisfed.org/graph/fredgraph.csv?id=EXINUS&fq=Quarterly&fam=avg&cosd=1995-01-01
2017Q3,INR,0.01555454,EXINUS,64.2899,https://fred.stlouisfed.org/graph/fredgraph.csv?id=EXINUS&fq=Quarterly&fam=avg&cosd=1995-01-01
2017Q4,INR,0.01545406,EXINUS,64.7079,https://fred.stlouisfed.org/graph/fredgraph.csv?id=EXINUS&fq=Quarterly&fam=avg&cosd=1995-01-01
2018Q1,INR,0.01553432,EXINUS,64.3736,https://fred.stlouisfed.org/graph/fredgraph.csv?id=EXINUS&fq=Quarterly&fam=avg&cosd=1995-01-01
2018Q2,INR,0.01492738,EXINUS,66.9910,https://fred.stlouisfed.org/graph/fredgraph.csv?id=EXINUS&fq=Quarterly&fam=avg&cosd=1995-01-01
2018Q3,INR,0.01424526,EXINUS,70.1988,https://fred.stlouisfed.org/graph/fredgraph.csv?id=EXINUS&fq=Quarterly&fam=avg&cosd=1995-01-01
2018Q4,INR,0.01388041,EXINUS,72.0440,https://fred.stlouisfed.org/graph/fredgraph.csv?id=EXINUS&fq=Quarterly&fam=avg&cosd=1995-01-01
2019Q1,INR,0.01419289,EXINUS,70.4578,https://fred.stlouisfed.org/graph/fredgraph.csv?id=EXINUS&fq=Quarterly&fam=avg&cosd=1995-01-01
2019Q2,INR,0.01438315,EXINUS,69.5258,https://fred.stlouisfed.org/graph/fredgraph.csv?id=EXINUS&fq=Quarterly&fam=avg&cosd=1995-01-01
2019Q3,INR,0.0142019,EXINUS,70.4131,https://fred.stlouisfed.org/graph/fredgraph.csv?id=EXINUS&fq=Quarterly&fam=avg&cosd=1995-01-01
2019Q4,INR,0.01404104,EXINUS,71.2198,https://fred.stlouisfed.org/graph/fredgraph.csv?id=EXINUS&fq=Quarterly&fam=avg&cosd=1995-01-01
2020Q1,INR,0.0138022,EXINUS,72.4522,https://fred.stlouisfed.org/graph/fredgraph.csv?id=EXINUS&fq=Quarterly&fam=avg&cosd=1995-01-01
2020Q2,INR,0.01318487,EXINUS,75.8445,https://fred.stlouisfed.org/graph/fredgraph.csv?id=EXINUS&fq=Quarterly&fam=avg&cosd=1995-01-01
2020Q3,INR,0.01345185,EXINUS,74.3392,https://fred.stlouisfed.org/graph/fredgraph.csv?id=EXINUS&fq=Quarterly&fam=avg&cosd=1995-01-01
2020Q4,INR,0.0135492,EXINUS,73.8051,https://fred.stlouisfed.org/graph/fredgraph.csv?id=EXINUS&fq=Quarterly&fam=avg&cosd=1995-01-01
2021Q1,INR,0.0137152,EXINUS,72.9118,https://fred.stlouisfed.org/graph/fredgraph.csv?id=EXINUS&fq=Quarterly&fam=avg&cosd=1995-01-01
2021Q2,INR,0.01355605,EXINUS,73.7678,https://fred.stlouisfed.org/graph/fredgraph.csv?id=EXINUS&fq=Quarterly&fam=avg&cosd=1995-01-01
2021Q3,INR,0.01349588,EXINUS,74.0967,https://fred.stlouisfed.org/graph/fredgraph.csv?id=EXINUS&fq=Quarterly&fam=avg&cosd=1995-01-01
2021Q4,INR,0.01334568,EXINUS,74.9306,https://fred.stlouisfed.org/graph/fredgraph.csv?id=EXINUS&fq=Quarterly&fam=avg&cosd=1995-01-01
2022Q1,INR,0.01329984,EXINUS,75.1889,https://fred.stlouisfed.org/graph/fredgraph.csv?id=EXINUS&fq=Quarterly&fam=avg&cosd=1995-01-01
2022Q2,INR,0.01295587,EXINUS,77.1851,https://fred.stlouisfed.org/graph/fredgraph.csv?id=EXINUS&fq=Quarterly&fam=avg&cosd=1995-01-01
2022Q3,INR,0.01253386,EXINUS,79.7839,https://fred.stlouisfed.org/graph/fredgraph.csv?id=EXINUS&fq=Quarterly&fam=avg&cosd=1995-01-01
2022Q4,INR,0.01217306,EXINUS,82.1486,https://fred.stlouisfed.org/graph/fredgraph.csv?id=EXINUS&fq=Quarterly&fam=avg&cosd=1995-01-01
2023Q1,INR,0.01216511,EXINUS,82.2023,https://fred.stlouisfed.org/graph/fredgraph.csv?id=EXINUS&fq=Quarterly&fam=avg&cosd=1995-01-01
2023Q2,INR,0.01217081,EXINUS,82.1638,https://fred.stlouisfed.org/graph/fredgraph.csv?id=EXINUS&fq=Quarterly&fam=avg&cosd=1995-01-01
2023Q3,INR,0.01209488,EXINUS,82.6796,https://fred.stlouisfed.org/graph/fredgraph.csv?id=EXINUS&fq=Quarterly&fam=avg&cosd=1995-01-01
2023Q4,INR,0.01201268,EXINUS,83.2454,https://fred.stlouisfed.org/graph/fredgraph.csv?id=EXINUS&fq=Quarterly&fam=avg&cosd=1995-01-01
2024Q1,INR,0.01204423,EXINUS,83.0273,https://fred.stlouisfed.org/graph/fredgraph.csv?id=EXINUS&fq=Quarterly&fam=avg&cosd=1995-01-01
2024Q2,INR,0.01198829,EXINUS,83.4147,https://fred.stlouisfed.org/graph/fredgraph.csv?id=EXINUS&fq=Quarterly&fam=avg&cosd=1995-01-01
2024Q3,INR,0.01193954,EXINUS,83.7553,https://fred.stlouisfed.org/graph/fredgraph.csv?id=EXINUS&fq=Quarterly&fam=avg&cosd=1995-01-01
2024Q4,INR,0.01184337,EXINUS,84.4354,https://fred.stlouisfed.org/graph/fredgraph.csv?id=EXINUS&fq=Quarterly&fam=avg&cosd=1995-01-01
2025Q1,INR,0.0115451,EXINUS,86.6168,https://fred.stlouisfed.org/graph/fredgraph.csv?id=EXINUS&fq=Quarterly&fam=avg&cosd=1995-01-01
2025Q2,INR,0.01168682,EXINUS,85.5665,https://fred.stlouisfed.org/graph/fredgraph.csv?id=EXINUS&fq=Quarterly&fam=avg&cosd=1995-01-01
2025Q3,INR,0.01144766,EXINUS,87.3541,https://fred.stlouisfed.org/graph/fredgraph.csv?id=EXINUS&fq=Quarterly&fam=avg&cosd=1995-01-01
2025Q4,INR,0.01122551,EXINUS,89.0828,https://fred.stlouisfed.org/graph/fredgraph.csv?id=EXINUS&fq=Quarterly&fam=avg&cosd=1995-01-01
2026Q1,INR,0.0109303,EXINUS,91.4888,https://fred.stlouisfed.org/graph/fredgraph.csv?id=EXINUS&fq=Quarterly&fam=avg&cosd=1995-01-01
2026Q2,INR,0.01056435,EXINUS,94.6580,https://fred.stlouisfed.org/graph/fredgraph.csv?id=EXINUS&fq=Quarterly&fam=avg&cosd=1995-01-01
1995Q1,JPY,0.01039781,EXJPUS,96.1741,https://fred.stlouisfed.org/graph/fredgraph.csv?id=EXJPUS&fq=Quarterly&fam=avg&cosd=1995-01-01
1995Q2,JPY,0.01183723,EXJPUS,84.4792,https://fred.stlouisfed.org/graph/fredgraph.csv?id=EXJPUS&fq=Quarterly&fam=avg&cosd=1995-01-01
1995Q3,JPY,0.01061268,EXJPUS,94.2269,https://fred.stlouisfed.org/graph/fredgraph.csv?id=EXJPUS&fq=Quarterly&fam=avg&cosd=1995-01-01
1995Q4,JPY,0.00984806,EXJPUS,101.5428,https://fred.stlouisfed.org/graph/fredgraph.csv?id=EXJPUS&fq=Quarterly&fam=avg&cosd=1995-01-01
1996Q1,JPY,0.00944943,EXJPUS,105.8265,https://fred.stlouisfed.org/graph/fredgraph.csv?id=EXJPUS&fq=Quarterly&fam=avg&cosd=1995-01-01
1996Q2,JPY,0.00930227,EXJPUS,107.5006,https://fred.stlouisfed.org/graph/fredgraph.csv?id=EXJPUS&fq=Quarterly&fam=avg&cosd=1995-01-01
1996Q3,JPY,0.00917466,EXJPUS,108.9959,https://fred.stlouisfed.org/graph/fredgraph.csv?id=EXJPUS&fq=Quarterly&fam=avg&cosd=1995-01-01
1996Q4,JPY,0.00885768,EXJPUS,112.8964,https://fred.stlouisfed.org/graph/fredgraph.csv?id=EXJPUS&fq=Quarterly&fam=avg&cosd=1995-01-01
1997Q1,JPY,0.00824973,EXJPUS,121.2161,https://fred.stlouisfed.org/graph/fredgraph.csv?id=EXJPUS&fq=Quarterly&fam=avg&cosd=1995-01-01
1997Q2,JPY,0.00835385,EXJPUS,119.7053,https://fred.stlouisfed.org/graph/fredgraph.csv?id=EXJPUS&fq=Quarterly&fam=avg&cosd=1995-01-01
1997Q3,JPY,0.0084699,EXJPUS,118.0651,https://fred.stlouisfed.org/graph/fredgraph.csv?id=EXJPUS&fq=Quarterly&fam=avg&cosd=1995-01-01
1997Q4,JPY,0.00797498,EXJPUS,125.3921,https://fred.stlouisfed.org/graph/fredgraph.csv?id=EXJPUS&fq=Quarterly&fam=avg&cosd=1995-01-01
1998Q1,JPY,0.00780272,EXJPUS,128.1605,https://fred.stlouisfed.org/graph/fredgraph.csv?id=EXJPUS&fq=Quarterly&fam=avg&cosd=1995-01-01
1998Q2,JPY,0.00737137,EXJPUS,135.6600,https://fred.stlouisfed.org/graph/fredgraph.csv?id=EXJPUS&fq=Quarterly&fam=avg&cosd=1995-01-01
1998Q3,JPY,0.00714375,EXJPUS,139.9826,https://fred.stlouisfed.org/graph/fredgraph.csv?id=EXJPUS&fq=Quarterly&fam=avg&cosd=1995-01-01
1998Q4,JPY,0.00837032,EXJPUS,119.4697,https://fred.stlouisfed.org/graph/fredgraph.csv?id=EXJPUS&fq=Quarterly&fam=avg&cosd=1995-01-01
1999Q1,JPY,0.00858538,EXJPUS,116.4771,https://fred.stlouisfed.org/graph/fredgraph.csv?id=EXJPUS&fq=Quarterly&fam=avg&cosd=1995-01-01
1999Q2,JPY,0.00827595,EXJPUS,120.8321,https://fred.stlouisfed.org/graph/fredgraph.csv?id=EXJPUS&fq=Quarterly&fam=avg&cosd=1995-01-01
1999Q3,JPY,0.00883828,EXJPUS,113.1442,https://fred.stlouisfed.org/graph/fredgraph.csv?id=EXJPUS&fq=Quarterly&fam=avg&cosd=1995-01-01
1999Q4,JPY,0.00957861,EXJPUS,104.3993,https://fred.stlouisfed.org/graph/fredgraph.csv?id=EXJPUS&fq=Quarterly&fam=avg&cosd=1995-01-01
2000Q1,JPY,0.00934603,EXJPUS,106.9973,https://fred.stlouisfed.org/graph/fredgraph.csv?id=EXJPUS&fq=Quarterly&fam=avg&cosd=1995-01-01
2000Q2,JPY,0.00937286,EXJPUS,106.6910,https://fred.stlouisfed.org/graph/fredgraph.csv?id=EXJPUS&fq=Quarterly&fam=avg&cosd=1995-01-01
2000Q3,JPY,0.00928421,EXJPUS,107.7098,https://fred.stlouisfed.org/graph/fredgraph.csv?id=EXJPUS&fq=Quarterly&fam=avg&cosd=1995-01-01
2000Q4,JPY,0.00910025,EXJPUS,109.8871,https://fred.stlouisfed.org/graph/fredgraph.csv?id=EXJPUS&fq=Quarterly&fam=avg&cosd=1995-01-01
2001Q1,JPY,0.00846476,EXJPUS,118.1369,https://fred.stlouisfed.org/graph/fredgraph.csv?id=EXJPUS&fq=Quarterly&fam=avg&cosd=1995-01-01
2001Q2,JPY,0.0081546,EXJPUS,122.6301,https://fred.stlouisfed.org/graph/fredgraph.csv?id=EXJPUS&fq=Quarterly&fam=avg&cosd=1995-01-01
2001Q3,JPY,0.00823097,EXJPUS,121.4923,https://fred.stlouisfed.org/graph/fredgraph.csv?id=EXJPUS&fq=Quarterly&fam=avg&cosd=1995-01-01
2001Q4,JPY,0.00807638,EXJPUS,123.8179,https://fred.stlouisfed.org/graph/fredgraph.csv?id=EXJPUS&fq=Quarterly&fam=avg&cosd=1995-01-01
2002Q1,JPY,0.00754932,EXJPUS,132.4623,https://fred.stlouisfed.org/graph/fredgraph.csv?id=EXJPUS&fq=Quarterly&fam=avg&cosd=1995-01-01
2002Q2,JPY,0.00788566,EXJPUS,126.8124,https://fred.stlouisfed.org/graph/fredgraph.csv?id=EXJPUS&fq=Quarterly&fam=avg&cosd=1995-01-01
2002Q3,JPY,0.00838059,EXJPUS,119.3233,https://fred.stlouisfed.org/graph/fredgraph.csv?id=EXJPUS&fq=Quarterly&fam=avg&cosd=1995-01-01
2002Q4,JPY,0.0081653,EXJPUS,122.4695,https://fred.stlouisfed.org/graph/fredgraph.csv?id=EXJPUS&fq=Quarterly&fam=avg&cosd=1995-01-01
2003Q1,JPY,0.00840717,EXJPUS,118.9461,https://fred.stlouisfed.org/graph/fredgraph.csv?id=EXJPUS&fq=Quarterly&fam=avg&cosd=1995-01-01
2003Q2,JPY,0.00843663,EXJPUS,118.5307,https://fred.stlouisfed.org/graph/fredgraph.csv?id=EXJPUS&fq=Quarterly&fam=avg&cosd=1995-01-01
2003Q3,JPY,0.0085189,EXJPUS,117.3861,https://fred.stlouisfed.org/graph/fredgraph.csv?id=EXJPUS&fq=Quarterly&fam=avg&cosd=1995-01-01
2003Q4,JPY,0.00919086,EXJPUS,108.8037,https://fred.stlouisfed.org/graph/fredgraph.csv?id=EXJPUS&fq=Quarterly&fam=avg&cosd=1995-01-01
2004Q1,JPY,0.00933149,EXJPUS,107.1640,https://fred.stlouisfed.org/graph/fredgraph.csv?id=EXJPUS&fq=Quarterly&fam=avg&cosd=1995-01-01
2004Q2,JPY,0.00911062,EXJPUS,109.7620,https://fred.stlouisfed.org/graph/fredgraph.csv?id=EXJPUS&fq=Quarterly&fam=avg&cosd=1995-01-01
2004Q3,JPY,0.00909609,EXJPUS,109.9374,https://fred.stlouisfed.org/graph/fredgraph.csv?id=EXJPUS&fq=Quarterly&fam=avg&cosd=1995-01-01
2004Q4,JPY,0.00945499,EXJPUS,105.7643,https://fred.stlouisfed.org/graph/fredgraph.csv?id=EXJPUS&fq=Quarterly&fam=avg&cosd=1995-01-01
2005Q1,JPY,0.00956817,EXJPUS,104.5132,https://fred.stlouisfed.org/graph/fredgraph.csv?id=EXJPUS&fq=Quarterly&fam=avg&cosd=1995-01-01
2005Q2,JPY,0.00930128,EXJPUS,107.5121,https://fred.stlouisfed.org/graph/fredgraph.csv?id=EXJPUS&fq=Quarterly&fam=avg&cosd=1995-01-01
2005Q3,JPY,0.00898745,EXJPUS,111.2663,https://fred.stlouisfed.org/graph/fredgraph.csv?id=EXJPUS&fq=Quarterly&fam=avg&cosd=1995-01-01
2005Q4,JPY,0.00852791,EXJPUS,117.2620,https://fred.stlouisfed.org/graph/fredgraph.csv?id=EXJPUS&fq=Quarterly&fam=avg&cosd=1995-01-01
2006Q1,JPY,0.0085564,EXJPUS,116.8716,https://fred.stlouisfed.org/graph/fredgraph.csv?id=EXJPUS&fq=Quarterly&fam=avg&cosd=1995-01-01
2006Q2,JPY,0.00873553,EXJPUS,114.4750,https://fred.stlouisfed.org/graph/fredgraph.csv?id=EXJPUS&fq=Quarterly&fam=avg&cosd=1995-01-01
2006Q3,JPY,0.00859831,EXJPUS,116.3019,https://fred.stlouisfed.org/graph/fredgraph.csv?id=EXJPUS&fq=Quarterly&fam=avg&cosd=1995-01-01
2006Q4,JPY,0.00849253,EXJPUS,117.7505,https://fred.stlouisfed.org/graph/fredgraph.csv?id=EXJPUS&fq=Quarterly&fam=avg&cosd=1995-01-01
2007Q1,JPY,0.00837494,EXJPUS,119.4039,https://fred.stlouisfed.org/graph/fredgraph.csv?id=EXJPUS&fq=Quarterly&fam=avg&cosd=1995-01-01
2007Q2,JPY,0.00827828,EXJPUS,120.7981,https://fred.stlouisfed.org/graph/fredgraph.csv?id=EXJPUS&fq=Quarterly&fam=avg&cosd=1995-01-01
2007Q3,JPY,0.00849397,EXJPUS,117.7306,https://fred.stlouisfed.org/graph/fredgraph.csv?id=EXJPUS&fq=Quarterly&fam=avg&cosd=1995-01-01
2007Q4,JPY,0.00883944,EXJPUS,113.1293,https://fred.stlouisfed.org/graph/fredgraph.csv?id=EXJPUS&fq=Quarterly&fam=avg&cosd=1995-01-01
2008Q1,JPY,0.00950558,EXJPUS,105.2014,https://fred.stlouisfed.org/graph/fredgraph.csv?id=EXJPUS&fq=Quarterly&fam=avg&cosd=1995-01-01
2008Q2,JPY,0.00955559,EXJPUS,104.6508,https://fred.stlouisfed.org/graph/fredgraph.csv?id=EXJPUS&fq=Quarterly&fam=avg&cosd=1995-01-01
2008Q3,JPY,0.009294,EXJPUS,107.5963,https://fred.stlouisfed.org/graph/fredgraph.csv?id=EXJPUS&fq=Quarterly&fam=avg&cosd=1995-01-01
2008Q4,JPY,0.01040921,EXJPUS,96.0688,https://fred.stlouisfed.org/graph/fredgraph.csv?id=EXJPUS&fq=Quarterly&fam=avg&cosd=1995-01-01
2009Q1,JPY,0.01068029,EXJPUS,93.6304,https://fred.stlouisfed.org/graph/fredgraph.csv?id=EXJPUS&fq=Quarterly&fam=avg&cosd=1995-01-01
2009Q2,JPY,0.01026768,EXJPUS,97.3930,https://fred.stlouisfed.org/graph/fredgraph.csv?id=EXJPUS&fq=Quarterly&fam=avg&cosd=1995-01-01
2009Q3,JPY,0.0106937,EXJPUS,93.5130,https://fred.stlouisfed.org/graph/fredgraph.csv?id=EXJPUS&fq=Quarterly&fam=avg&cosd=1995-01-01
2009Q4,JPY,0.0111282,EXJPUS,89.8618,https://fred.stlouisfed.org/graph/fredgraph.csv?id=EXJPUS&fq=Quarterly&fam=avg&cosd=1995-01-01
2010Q1,JPY,0.01103117,EXJPUS,90.6522,https://fred.stlouisfed.org/graph/fredgraph.csv?id=EXJPUS&fq=Quarterly&fam=avg&cosd=1995-01-01
2010Q2,JPY,0.01086045,EXJPUS,92.0772,https://fred.stlouisfed.org/graph/fredgraph.csv?id=EXJPUS&fq=Quarterly&fam=avg&cosd=1995-01-01
2010Q3,JPY,0.01166271,EXJPUS,85.7434,https://fred.stlouisfed.org/graph/fredgraph.csv?id=EXJPUS&fq=Quarterly&fam=avg&cosd=1995-01-01
2010Q4,JPY,0.0121171,EXJPUS,82.5280,https://fred.stlouisfed.org/graph/fredgraph.csv?id=EXJPUS&fq=Quarterly&fam=avg&cosd=1995-01-01
2011Q1,JPY,0.01215516,EXJPUS,82.2696,https://fred.stlouisfed.org/graph/fredgraph.csv?id=EXJPUS&fq=Quarterly&fam=avg&cosd=1995-01-01
2011Q2,JPY,0.01225848,EXJPUS,81.5762,https://fred.stlouisfed.org/graph/fredgraph.csv?id=EXJPUS&fq=Quarterly&fam=avg&cosd=1995-01-01
2011Q3,JPY,0.01287532,EXJPUS,77.6680,https://fred.stlouisfed.org/graph/fredgraph.csv?id=EXJPUS&fq=Quarterly&fam=avg&cosd=1995-01-01
2011Q4,JPY,0.01293107,EXJPUS,77.3331,https://fred.stlouisfed.org/graph/fredgraph.csv?id=EXJPUS&fq=Quarterly&fam=avg&cosd=1995-01-01
2012Q1,JPY,0.01261034,EXJPUS,79.3000,https://fred.stlouisfed.org/graph/fredgraph.csv?id=EXJPUS&fq=Quarterly&fam=avg&cosd=1995-01-01
2012Q2,JPY,0.01248781,EXJPUS,80.0781,https://fred.stlouisfed.org/graph/fredgraph.csv?id=EXJPUS&fq=Quarterly&fam=avg&cosd=1995-01-01
2012Q3,JPY,0.01272475,EXJPUS,78.5870,https://fred.stlouisfed.org/graph/fredgraph.csv?id=EXJPUS&fq=Quarterly&fam=avg&cosd=1995-01-01
2012Q4,JPY,0.01230344,EXJPUS,81.2781,https://fred.stlouisfed.org/graph/fredgraph.csv?id=EXJPUS&fq=Quarterly&fam=avg&cosd=1995-01-01
2013Q1,JPY,0.01083698,EXJPUS,92.2766,https://fred.stlouisfed.org/graph/fredgraph.csv?id=EXJPUS&fq=Quarterly&fam=avg&cosd=1995-01-01
2013Q2,JPY,0.01013815,EXJPUS,98.6373,https://fred.stlouisfed.org/graph/fredgraph.csv?id=EXJPUS&fq=Quarterly&fam=avg&cosd=1995-01-01
2013Q3,JPY,0.0101114,EXJPUS,98.8983,https://fred.stlouisfed.org/graph/fredgraph.csv?id=EXJPUS&fq=Quarterly&fam=avg&cosd=1995-01-01
2013Q4,JPY,0.00995673,EXJPUS,100.4346,https://fred.stlouisfed.org/graph/fredgraph.csv?id=EXJPUS&fq=Quarterly&fam=avg&cosd=1995-01-01
2014Q1,JPY,0.00973311,EXJPUS,102.7421,https://fred.stlouisfed.org/graph/fredgraph.csv?id=EXJPUS&fq=Quarterly&fam=avg&cosd=1995-01-01
2014Q2,JPY,0.00979448,EXJPUS,102.0983,https://fred.stlouisfed.org/graph/fredgraph.csv?id=EXJPUS&fq=Quarterly&fam=avg&cosd=1995-01-01
2014Q3,JPY,0.00961201,EXJPUS,104.0365,https://fred.stlouisfed.org/graph/fredgraph.csv?id=EXJPUS&fq=Quarterly&fam=avg&cosd=1995-01-01
2014Q4,JPY,0.00872984,EXJPUS,114.5497,https://fred.stlouisfed.org/graph/fredgraph.csv?id=EXJPUS&fq=Quarterly&fam=avg&cosd=1995-01-01
2015Q1,JPY,0.00839385,EXJPUS,119.1348,https://fred.stlouisfed.org/graph/fredgraph.csv?id=EXJPUS&fq=Quarterly&fam=avg&cosd=1995-01-01
2015Q2,JPY,0.00824117,EXJPUS,121.3420,https://fred.stlouisfed.org/graph/fredgraph.csv?id=EXJPUS&fq=Quarterly&fam=avg&cosd=1995-01-01
2015Q3,JPY,0.00818638,EXJPUS,122.1541,https://fred.stlouisfed.org/graph/fredgraph.csv?id=EXJPUS&fq=Quarterly&fam=avg&cosd=1995-01-01
2015Q4,JPY,0.00823438,EXJPUS,121.4421,https://fred.stlouisfed.org/graph/fredgraph.csv?id=EXJPUS&fq=Quarterly&fam=avg&cosd=1995-01-01
2016Q1,JPY,0.00867621,EXJPUS,115.2577,https://fred.stlouisfed.org/graph/fredgraph.csv?id=EXJPUS&fq=Quarterly&fam=avg&cosd=1995-01-01
2016Q2,JPY,0.00926638,EXJPUS,107.9170,https://fred.stlouisfed.org/graph/fredgraph.csv?id=EXJPUS&fq=Quarterly&fam=avg&cosd=1995-01-01
2016Q3,JPY,0.0097652,EXJPUS,102.4045,https://fred.stlouisfed.org/graph/fredgraph.csv?id=EXJPUS&fq=Quarterly&fam=avg&cosd=1995-01-01
2016Q4,JPY,0.00913663,EXJPUS,109.4495,https://fred.stlouisfed.org/graph/fredgraph.csv?id=EXJPUS&fq=Quarterly&fam=avg&cosd=1995-01-01
2017Q1,JPY,0.0088054,EXJPUS,113.5667,https://fred.stlouisfed.org/graph/fredgraph.csv?id=EXJPUS&fq=Quarterly&fam=avg&cosd=1995-01-01
2017Q2,JPY,0.00900229,EXJPUS,111.0829,https://fred.stlouisfed.org/graph/fredgraph.csv?id=EXJPUS&fq=Quarterly&fam=avg&cosd=1995-01-01
2017Q3,JPY,0.00900847,EXJPUS,111.0067,https://fred.stlouisfed.org/graph/fredgraph.csv?id=EXJPUS&fq=Quarterly&fam=avg&cosd=1995-01-01
2017Q4,JPY,0.00885807,EXJPUS,112.8914,https://fred.stlouisfed.org/graph/fredgraph.csv?id=EXJPUS&fq=Quarterly&fam=avg&cosd=1995-01-01
2018Q1,JPY,0.00923396,EXJPUS,108.2959,https://fred.stlouisfed.org/graph/fredgraph.csv?id=EXJPUS&fq=Quarterly&fam=avg&cosd=1995-01-01
2018Q2,JPY,0.00916287,EXJPUS,109.1361,https://fred.stlouisfed.org/graph/fredgraph.csv?id=EXJPUS&fq=Quarterly&fam=avg&cosd=1995-01-01
2018Q3,JPY,0.00896553,EXJPUS,111.5383,https://fred.stlouisfed.org/graph/fredgraph.csv?id=EXJPUS&fq=Quarterly&fam=avg&cosd=1995-01-01
2018Q4,JPY,0.00886894,EXJPUS,112.7531,https://fred.stlouisfed.org/graph/fredgraph.csv?id=EXJPUS&fq=Quarterly&fam=avg&cosd=1995-01-01
2019Q1,JPY,0.00907593,EXJPUS,110.1816,https://fred.stlouisfed.org/graph/fredgraph.csv?id=EXJPUS&fq=Quarterly&fam=avg&cosd=1995-01-01
2019Q2,JPY,0.00909969,EXJPUS,109.8938,https://fred.stlouisfed.org/graph/fredgraph.csv?id=EXJPUS&fq=Quarterly&fam=avg&cosd=1995-01-01
2019Q3,JPY,0.00931634,EXJPUS,107.3383,https://fred.stlouisfed.org/graph/fredgraph.csv?id=EXJPUS&fq=Quarterly&fam=avg&cosd=1995-01-01
2019Q4,JPY,0.00919975,EXJPUS,108.6986,https://fred.stlouisfed.org/graph/fredgraph.csv?id=EXJPUS&fq=Quarterly&fam=avg&cosd=1995-01-01
2020Q1,JPY,0.00917534,EXJPUS,108.9878,https://fred.stlouisfed.org/graph/fredgraph.csv?id=EXJPUS&fq=Quarterly&fam=avg&cosd=1995-01-01
2020Q2,JPY,0.00930184,EXJPUS,107.5056,https://fred.stlouisfed.org/graph/fredgraph.csv?id=EXJPUS&fq=Quarterly&fam=avg&cosd=1995-01-01
2020Q3,JPY,0.00942555,EXJPUS,106.0946,https://fred.stlouisfed.org/graph/fredgraph.csv?id=EXJPUS&fq=Quarterly&fam=avg&cosd=1995-01-01
2020Q4,JPY,0.0095721,EXJPUS,104.4703,https://fred.stlouisfed.org/graph/fredgraph.csv?id=EXJPUS&fq=Quarterly&fam=avg&cosd=1995-01-01
2021Q1,JPY,0.00943798,EXJPUS,105.9549,https://fred.stlouisfed.org/graph/fredgraph.csv?id=EXJPUS&fq=Quarterly&fam=avg&cosd=1995-01-01
2021Q2,JPY,0.00913899,EXJPUS,109.4213,https://fred.stlouisfed.org/graph/fredgraph.csv?id=EXJPUS&fq=Quarterly&fam=avg&cosd=1995-01-01
2021Q3,JPY,0.00908463,EXJPUS,110.0760,https://fred.stlouisfed.org/graph/fredgraph.csv?id=EXJPUS&fq=Quarterly&fam=avg&cosd=1995-01-01
2021Q4,JPY,0.00879973,EXJPUS,113.6398,https://fred.stlouisfed.org/graph/fredgraph.csv?id=EXJPUS&fq=Quarterly&fam=avg&cosd=1995-01-01
2022Q1,JPY,0.0086039,EXJPUS,116.2264,https://fred.stlouisfed.org/graph/fredgraph.csv?id=EXJPUS&fq=Quarterly&fam=avg&cosd=1995-01-01
2022Q2,JPY,0.00770842,EXJPUS,129.7283,https://fred.stlouisfed.org/graph/fredgraph.csv?id=EXJPUS&fq=Quarterly&fam=avg&cosd=1995-01-01
2022Q3,JPY,0.0072241,EXJPUS,138.4256,https://fred.stlouisfed.org/graph/fredgraph.csv?id=EXJPUS&fq=Quarterly&fam=avg&cosd=1995-01-01
2022Q4,JPY,0.00706862,EXJPUS,141.4704,https://fred.stlouisfed.org/graph/fredgraph.csv?id=EXJPUS&fq=Quarterly&fam=avg&cosd=1995-01-01
2023Q1,JPY,0.00755367,EXJPUS,132.3860,https://fred.stlouisfed.org/graph/fredgraph.csv?id=EXJPUS&fq=Quarterly&fam=avg&cosd=1995-01-01
2023Q2,JPY,0.00728357,EXJPUS,137.2953,https://fred.stlouisfed.org/graph/fredgraph.csv?id=EXJPUS&fq=Quarterly&fam=avg&cosd=1995-01-01
2023Q3,JPY,0.00691943,EXJPUS,144.5205,https://fred.stlouisfed.org/graph/fredgraph.csv?id=EXJPUS&fq=Quarterly&fam=avg&cosd=1995-01-01
2023Q4,JPY,0.00676813,EXJPUS,147.7513,https://fred.stlouisfed.org/graph/fredgraph.csv?id=EXJPUS&fq=Quarterly&fam=avg&cosd=1995-01-01
2024Q1,JPY,0.00673056,EXJPUS,148.5760,https://fred.stlouisfed.org/graph/fredgraph.csv?id=EXJPUS&fq=Quarterly&fam=avg&cosd=1995-01-01
2024Q2,JPY,0.00641548,EXJPUS,155.8730,https://fred.stlouisfed.org/graph/fredgraph.csv?id=EXJPUS&fq=Quarterly&fam=avg&cosd=1995-01-01
2024Q3,JPY,0.00671537,EXJPUS,148.9121,https://fred.stlouisfed.org/graph/fredgraph.csv?id=EXJPUS&fq=Quarterly&fam=avg&cosd=1995-01-01
2024Q4,JPY,0.00655856,EXJPUS,152.4726,https://fred.stlouisfed.org/graph/fredgraph.csv?id=EXJPUS&fq=Quarterly&fam=avg&cosd=1995-01-01
2025Q1,JPY,0.00656295,EXJPUS,152.3704,https://fred.stlouisfed.org/graph/fredgraph.csv?id=EXJPUS&fq=Quarterly&fam=avg&cosd=1995-01-01
2025Q2,JPY,0.0069206,EXJPUS,144.4961,https://fred.stlouisfed.org/graph/fredgraph.csv?id=EXJPUS&fq=Quarterly&fam=avg&cosd=1995-01-01
2025Q3,JPY,0.006779,EXJPUS,147.5143,https://fred.stlouisfed.org/graph/fredgraph.csv?id=EXJPUS&fq=Quarterly&fam=avg&cosd=1995-01-01
2025Q4,JPY,0.00648774,EXJPUS,154.1369,https://fred.stlouisfed.org/graph/fredgraph.csv?id=EXJPUS&fq=Quarterly&fam=avg&cosd=1995-01-01
2026Q1,JPY,0.00637708,EXJPUS,156.8116,https://fred.stlouisfed.org/graph/fredgraph.csv?id=EXJPUS&fq=Quarterly&fam=avg&cosd=1995-01-01
2026Q2,JPY,0.00627562,EXJPUS,159.3468,https://fred.stlouisfed.org/graph/fredgraph.csv?id=EXJPUS&fq=Quarterly&fam=avg&cosd=1995-01-01
1995Q1,SEK,0.13545547,EXSDUS,7.3825,https://fred.stlouisfed.org/graph/fredgraph.csv?id=EXSDUS&fq=Quarterly&fam=avg&cosd=1995-01-01
1995Q2,SEK,0.13688692,EXSDUS,7.3053,https://fred.stlouisfed.org/graph/fredgraph.csv?id=EXSDUS&fq=Quarterly&fam=avg&cosd=1995-01-01
1995Q3,SEK,0.13930293,EXSDUS,7.1786,https://fred.stlouisfed.org/graph/fredgraph.csv?id=EXSDUS&fq=Quarterly&fam=avg&cosd=1995-01-01
1995Q4,SEK,0.14941653,EXSDUS,6.6927,https://fred.stlouisfed.org/graph/fredgraph.csv?id=EXSDUS&fq=Quarterly&fam=avg&cosd=1995-01-01
1996Q1,SEK,0.14742087,EXSDUS,6.7833,https://fred.stlouisfed.org/graph/fredgraph.csv?id=EXSDUS&fq=Quarterly&fam=avg&cosd=1995-01-01
1996Q2,SEK,0.14856413,EXSDUS,6.7311,https://fred.stlouisfed.org/graph/fredgraph.csv?id=EXSDUS&fq=Quarterly&fam=avg&cosd=1995-01-01
1996Q3,SEK,0.15072953,EXSDUS,6.6344,https://fred.stlouisfed.org/graph/fredgraph.csv?id=EXSDUS&fq=Quarterly&fam=avg&cosd=1995-01-01
1996Q4,SEK,0.14958192,EXSDUS,6.6853,https://fred.stlouisfed.org/graph/fredgraph.csv?id=EXSDUS&fq=Quarterly&fam=avg&cosd=1995-01-01
1997Q1,SEK,0.13558587,EXSDUS,7.3754,https://fred.stlouisfed.org/graph/fredgraph.csv?id=EXSDUS&fq=Quarterly&fam=avg&cosd=1995-01-01
1997Q2,SEK,0.1297,EXSDUS,7.7101,https://fred.stlouisfed.org/graph/fredgraph.csv?id=EXSDUS&fq=Quarterly&fam=avg&cosd=1995-01-01
1997Q3,SEK,0.12768131,EXSDUS,7.8320,https://fred.stlouisfed.org/graph/fredgraph.csv?id=EXSDUS&fq=Quarterly&fam=avg&cosd=1995-01-01
1997Q4,SEK,0.13081129,EXSDUS,7.6446,https://fred.stlouisfed.org/graph/fredgraph.csv?id=EXSDUS&fq=Quarterly&fam=avg&cosd=1995-01-01
1998Q1,SEK,0.12469139,EXSDUS,8.0198,https://fred.stlouisfed.org/graph/fredgraph.csv?id=EXSDUS&fq=Quarterly&fam=avg&cosd=1995-01-01
1998Q2,SEK,0.1279656,EXSDUS,7.8146,https://fred.stlouisfed.org/graph/fredgraph.csv?id=EXSDUS&fq=Quarterly&fam=avg&cosd=1995-01-01
1998Q3,SEK,0.12497969,EXSDUS,8.0013,https://fred.stlouisfed.org/graph/fredgraph.csv?id=EXSDUS&fq=Quarterly&fam=avg&cosd=1995-01-01
1998Q4,SEK,0.12539185,EXSDUS,7.9750,https://fred.stlouisfed.org/graph/fredgraph.csv?id=EXSDUS&fq=Quarterly&fam=avg&cosd=1995-01-01
1999Q1,SEK,0.12507035,EXSDUS,7.9955,https://fred.stlouisfed.org/graph/fredgraph.csv?id=EXSDUS&fq=Quarterly&fam=avg&cosd=1995-01-01
1999Q2,SEK,0.11867605,EXSDUS,8.4263,https://fred.stlouisfed.org/graph/fredgraph.csv?id=EXSDUS&fq=Quarterly&fam=avg&cosd=1995-01-01
1999Q3,SEK,0.12034418,EXSDUS,8.3095,https://fred.stlouisfed.org/graph/fredgraph.csv?id=EXSDUS&fq=Quarterly&fam=avg&cosd=1995-01-01
1999Q4,SEK,0.12000624,EXSDUS,8.3329,https://fred.stlouisfed.org/graph/fredgraph.csv?id=EXSDUS&fq=Quarterly&fam=avg&cosd=1995-01-01
2000Q1,SEK,0.116113,EXSDUS,8.6123,https://fred.stlouisfed.org/graph/fredgraph.csv?id=EXSDUS&fq=Quarterly&fam=avg&cosd=1995-01-01
2000Q2,SEK,0.11283243,EXSDUS,8.8627,https://fred.stlouisfed.org/graph/fredgraph.csv?id=EXSDUS&fq=Quarterly&fam=avg&cosd=1995-01-01
2000Q3,SEK,0.10742523,EXSDUS,9.3088,https://fred.stlouisfed.org/graph/fredgraph.csv?id=EXSDUS&fq=Quarterly&fam=avg&cosd=1995-01-01
2000Q4,SEK,0.10084101,EXSDUS,9.9166,https://fred.stlouisfed.org/graph/fredgraph.csv?id=EXSDUS&fq=Quarterly&fam=avg&cosd=1995-01-01
2001Q1,SEK,0.10240865,EXSDUS,9.7648,https://fred.stlouisfed.org/graph/fredgraph.csv?id=EXSDUS&fq=Quarterly&fam=avg&cosd=1995-01-01
2001Q2,SEK,0.09570019,EXSDUS,10.4493,https://fred.stlouisfed.org/graph/fredgraph.csv?id=EXSDUS&fq=Quarterly&fam=avg&cosd=1995-01-01
2001Q3,SEK,0.09455192,EXSDUS,10.5762,https://fred.stlouisfed.org/graph/fredgraph.csv?id=EXSDUS&fq=Quarterly&fam=avg&cosd=1995-01-01
2001Q4,SEK,0.09447867,EXSDUS,10.5844,https://fred.stlouisfed.org/graph/fredgraph.csv?id=EXSDUS&fq=Quarterly&fam=avg&cosd=1995-01-01
2002Q1,SEK,0.09572859,EXSDUS,10.4462,https://fred.stlouisfed.org/graph/fredgraph.csv?id=EXSDUS&fq=Quarterly&fam=avg&cosd=1995-01-01
2002Q2,SEK,0.10030493,EXSDUS,9.9696,https://fred.stlouisfed.org/graph/fredgraph.csv?id=EXSDUS&fq=Quarterly&fam=avg&cosd=1995-01-01
2002Q3,SEK,0.10657799,EXSDUS,9.3828,https://fred.stlouisfed.org/graph/fredgraph.csv?id=EXSDUS&fq=Quarterly&fam=avg&cosd=1995-01-01
2002Q4,SEK,0.10996987,EXSDUS,9.0934,https://fred.stlouisfed.org/graph/fredgraph.csv?id=EXSDUS&fq=Quarterly&fam=avg&cosd=1995-01-01
2003Q1,SEK,0.11689344,EXSDUS,8.5548,https://fred.stlouisfed.org/graph/fredgraph.csv?id=EXSDUS&fq=Quarterly&fam=avg&cosd=1995-01-01
2003Q2,SEK,0.12414958,EXSDUS,8.0548,https://fred.stlouisfed.org/graph/fredgraph.csv?id=EXSDUS&fq=Quarterly&fam=avg&cosd=1995-01-01
2003Q3,SEK,0.1228622,EXSDUS,8.1392,https://fred.stlouisfed.org/graph/fredgraph.csv?id=EXSDUS&fq=Quarterly&fam=avg&cosd=1995-01-01
2003Q4,SEK,0.13207074,EXSDUS,7.5717,https://fred.stlouisfed.org/graph/fredgraph.csv?id=EXSDUS&fq=Quarterly&fam=avg&cosd=1995-01-01
2004Q1,SEK,0.13618598,EXSDUS,7.3429,https://fred.stlouisfed.org/graph/fredgraph.csv?id=EXSDUS&fq=Quarterly&fam=avg&cosd=1995-01-01
2004Q2,SEK,0.13162744,EXSDUS,7.5972,https://fred.stlouisfed.org/graph/fredgraph.csv?id=EXSDUS&fq=Quarterly&fam=avg&cosd=1995-01-01
2004Q3,SEK,0.13348462,EXSDUS,7.4915,https://fred.stlouisfed.org/graph/fredgraph.csv?id=EXSDUS&fq=Quarterly&fam=avg&cosd=1995-01-01
2004Q4,SEK,0.14376078,EXSDUS,6.9560,https://fred.stlouisfed.org/graph/fredgraph.csv?id=EXSDUS&fq=Quarterly&fam=avg&cosd=1995-01-01
2005Q1,SEK,0.1444085,EXSDUS,6.9248,https://fred.stlouisfed.org/graph/fredgraph.csv?id=EXSDUS&fq=Quarterly&fam=avg&cosd=1995-01-01
2005Q2,SEK,0.13672035,EXSDUS,7.3142,https://fred.stlouisfed.org/graph/fredgraph.csv?id=EXSDUS&fq=Quarterly&fam=avg&cosd=1995-01-01
2005Q3,SEK,0.13014394,EXSDUS,7.6838,https://fred.stlouisfed.org/graph/fredgraph.csv?id=EXSDUS&fq=Quarterly&fam=avg&cosd=1995-01-01
2005Q4,SEK,0.12546579,EXSDUS,7.9703,https://fred.stlouisfed.org/graph/fredgraph.csv?id=EXSDUS&fq=Quarterly&fam=avg&cosd=1995-01-01
2006Q1,SEK,0.12873824,EXSDUS,7.7677,https://fred.stlouisfed.org/graph/fredgraph.csv?id=EXSDUS&fq=Quarterly&fam=avg&cosd=1995-01-01
2006Q2,SEK,0.13513331,EXSDUS,7.4001,https://fred.stlouisfed.org/graph/fredgraph.csv?id=EXSDUS&fq=Quarterly&fam=avg&cosd=1995-01-01
2006Q3,SEK,0.13800146,EXSDUS,7.2463,https://fred.stlouisfed.org/graph/fredgraph.csv?id=EXSDUS&fq=Quarterly&fam=avg&cosd=1995-01-01
2006Q4,SEK,0.14127686,EXSDUS,7.0783,https://fred.stlouisfed.org/graph/fredgraph.csv?id=EXSDUS&fq=Quarterly&fam=avg&cosd=1995-01-01
2007Q1,SEK,0.14267167,EXSDUS,7.0091,https://fred.stlouisfed.org/graph/fredgraph.csv?id=EXSDUS&fq=Quarterly&fam=avg&cosd=1995-01-01
2007Q2,SEK,0.14566642,EXSDUS,6.8650,https://fred.stlouisfed.org/graph/fredgraph.csv?id=EXSDUS&fq=Quarterly&fam=avg&cosd=1995-01-01
2007Q3,SEK,0.14846046,EXSDUS,6.7358,https://fred.stlouisfed.org/graph/fredgraph.csv?id=EXSDUS&fq=Quarterly&fam=avg&cosd=1995-01-01
2007Q4,SEK,0.15588951,EXSDUS,6.4148,https://fred.stlouisfed.org/graph/fredgraph.csv?id=EXSDUS&fq=Quarterly&fam=avg&cosd=1995-01-01
2008Q1,SEK,0.15954052,EXSDUS,6.2680,https://fred.stlouisfed.org/graph/fredgraph.csv?id=EXSDUS&fq=Quarterly&fam=avg&cosd=1995-01-01
2008Q2,SEK,0.16703135,EXSDUS,5.9869,https://fred.stlouisfed.org/graph/fredgraph.csv?id=EXSDUS&fq=Quarterly&fam=avg&cosd=1995-01-01
2008Q3,SEK,0.15816528,EXSDUS,6.3225,https://fred.stlouisfed.org/graph/fredgraph.csv?id=EXSDUS&fq=Quarterly&fam=avg&cosd=1995-01-01
2008Q4,SEK,0.12811151,EXSDUS,7.8057,https://fred.stlouisfed.org/graph/fredgraph.csv?id=EXSDUS&fq=Quarterly&fam=avg&cosd=1995-01-01
2009Q1,SEK,0.11894142,EXSDUS,8.4075,https://fred.stlouisfed.org/graph/fredgraph.csv?id=EXSDUS&fq=Quarterly&fam=avg&cosd=1995-01-01
2009Q2,SEK,0.12627857,EXSDUS,7.9190,https://fred.stlouisfed.org/graph/fredgraph.csv?id=EXSDUS&fq=Quarterly&fam=avg&cosd=1995-01-01
2009Q3,SEK,0.13739661,EXSDUS,7.2782,https://fred.stlouisfed.org/graph/fredgraph.csv?id=EXSDUS&fq=Quarterly&fam=avg&cosd=1995-01-01
2009Q4,SEK,0.14272054,EXSDUS,7.0067,https://fred.stlouisfed.org/graph/fredgraph.csv?id=EXSDUS&fq=Quarterly&fam=avg&cosd=1995-01-01
2010Q1,SEK,0.13898734,EXSDUS,7.1949,https://fred.stlouisfed.org/graph/fredgraph.csv?id=EXSDUS&fq=Quarterly&fam=avg&cosd=1995-01-01
2010Q2,SEK,0.13196791,EXSDUS,7.5776,https://fred.stlouisfed.org/graph/fredgraph.csv?id=EXSDUS&fq=Quarterly&fam=avg&cosd=1995-01-01
2010Q3,SEK,0.13794435,EXSDUS,7.2493,https://fred.stlouisfed.org/graph/fredgraph.csv?id=EXSDUS&fq=Quarterly&fam=avg&cosd=1995-01-01
2010Q4,SEK,0.14742305,EXSDUS,6.7832,https://fred.stlouisfed.org/graph/fredgraph.csv?id=EXSDUS&fq=Quarterly&fam=avg&cosd=1995-01-01
2011Q1,SEK,0.1542353,EXSDUS,6.4836,https://fred.stlouisfed.org/graph/fredgraph.csv?id=EXSDUS&fq=Quarterly&fam=avg&cosd=1995-01-01
2011Q2,SEK,0.15975462,EXSDUS,6.2596,https://fred.stlouisfed.org/graph/fredgraph.csv?id=EXSDUS&fq=Quarterly&fam=avg&cosd=1995-01-01
2011Q3,SEK,0.15433051,EXSDUS,6.4796,https://fred.stlouisfed.org/graph/fredgraph.csv?id=EXSDUS&fq=Quarterly&fam=avg&cosd=1995-01-01
2011Q4,SEK,0.14827556,EXSDUS,6.7442,https://fred.stlouisfed.org/graph/fredgraph.csv?id=EXSDUS&fq=Quarterly&fam=avg&cosd=1995-01-01
2012Q1,SEK,0.14822061,EXSDUS,6.7467,https://fred.stlouisfed.org/graph/fredgraph.csv?id=EXSDUS&fq=Quarterly&fam=avg&cosd=1995-01-01
2012Q2,SEK,0.14396361,EXSDUS,6.9462,https://fred.stlouisfed.org/graph/fredgraph.csv?id=EXSDUS&fq=Quarterly&fam=avg&cosd=1995-01-01
2012Q3,SEK,0.14835254,EXSDUS,6.7407,https://fred.stlouisfed.org/graph/fredgraph.csv?id=EXSDUS&fq=Quarterly&fam=avg&cosd=1995-01-01
2012Q4,SEK,0.15045513,EXSDUS,6.6465,https://fred.stlouisfed.org/graph/fredgraph.csv?id=EXSDUS&fq=Quarterly&fam=avg&cosd=1995-01-01
2013Q1,SEK,0.15543156,EXSDUS,6.4337,https://fred.stlouisfed.org/graph/fredgraph.csv?id=EXSDUS&fq=Quarterly&fam=avg&cosd=1995-01-01
2013Q2,SEK,0.1525111,EXSDUS,6.5569,https://fred.stlouisfed.org/graph/fredgraph.csv?id=EXSDUS&fq=Quarterly&fam=avg&cosd=1995-01-01
2013Q3,SEK,0.15273238,EXSDUS,6.5474,https://fred.stlouisfed.org/graph/fredgraph.csv?id=EXSDUS&fq=Quarterly&fam=avg&cosd=1995-01-01
2013Q4,SEK,0.15363343,EXSDUS,6.5090,https://fred.stlouisfed.org/graph/fredgraph.csv?id=EXSDUS&fq=Quarterly&fam=avg&cosd=1995-01-01
2014Q1,SEK,0.15471494,EXSDUS,6.4635,https://fred.stlouisfed.org/graph/fredgraph.csv?id=EXSDUS&fq=Quarterly&fam=avg&cosd=1995-01-01
2014Q2,SEK,0.15146466,EXSDUS,6.6022,https://fred.stlouisfed.org/graph/fredgraph.csv?id=EXSDUS&fq=Quarterly&fam=avg&cosd=1995-01-01
2014Q3,SEK,0.14390353,EXSDUS,6.9491,https://fred.stlouisfed.org/graph/fredgraph.csv?id=EXSDUS&fq=Quarterly&fam=avg&cosd=1995-01-01
2014Q4,SEK,0.1345895,EXSDUS,7.4300,https://fred.stlouisfed.org/graph/fredgraph.csv?id=EXSDUS&fq=Quarterly&fam=avg&cosd=1995-01-01
2015Q1,SEK,0.11994435,EXSDUS,8.3372,https://fred.stlouisfed.org/graph/fredgraph.csv?id=EXSDUS&fq=Quarterly&fam=avg&cosd=1995-01-01
2015Q2,SEK,0.11889475,EXSDUS,8.4108,https://fred.stlouisfed.org/graph/fredgraph.csv?id=EXSDUS&fq=Quarterly&fam=avg&cosd=1995-01-01
2015Q3,SEK,0.11787866,EXSDUS,8.4833,https://fred.stlouisfed.org/graph/fredgraph.csv?id=EXSDUS&fq=Quarterly&fam=avg&cosd=1995-01-01
2015Q4,SEK,0.1176097,EXSDUS,8.5027,https://fred.stlouisfed.org/graph/fredgraph.csv?id=EXSDUS&fq=Quarterly&fam=avg&cosd=1995-01-01
2016Q1,SEK,0.11825922,EXSDUS,8.4560,https://fred.stlouisfed.org/graph/fredgraph.csv?id=EXSDUS&fq=Quarterly&fam=avg&cosd=1995-01-01
2016Q2,SEK,0.12179971,EXSDUS,8.2102,https://fred.stlouisfed.org/graph/fredgraph.csv?id=EXSDUS&fq=Quarterly&fam=avg&cosd=1995-01-01
2016Q3,SEK,0.11731306,EXSDUS,8.5242,https://fred.stlouisfed.org/graph/fredgraph.csv?id=EXSDUS&fq=Quarterly&fam=avg&cosd=1995-01-01
2016Q4,SEK,0.11047893,EXSDUS,9.0515,https://fred.stlouisfed.org/graph/fredgraph.csv?id=EXSDUS&fq=Quarterly&fam=avg&cosd=1995-01-01
2017Q1,SEK,0.11210511,EXSDUS,8.9202,https://fred.stlouisfed.org/graph/fredgraph.csv?id=EXSDUS&fq=Quarterly&fam=avg&cosd=1995-01-01
2017Q2,SEK,0.11354089,EXSDUS,8.8074,https://fred.stlouisfed.org/graph/fredgraph.csv?id=EXSDUS&fq=Quarterly&fam=avg&cosd=1995-01-01
2017Q3,SEK,0.1229211,EXSDUS,8.1353,https://fred.stlouisfed.org/graph/fredgraph.csv?id=EXSDUS&fq=Quarterly&fam=avg&cosd=1995-01-01
2017Q4,SEK,0.1201952,EXSDUS,8.3198,https://fred.stlouisfed.org/graph/fredgraph.csv?id=EXSDUS&fq=Quarterly&fam=avg&cosd=1995-01-01
2018Q1,SEK,0.12323922,EXSDUS,8.1143,https://fred.stlouisfed.org/graph/fredgraph.csv?id=EXSDUS&fq=Quarterly&fam=avg&cosd=1995-01-01
2018Q2,SEK,0.11531365,EXSDUS,8.6720,https://fred.stlouisfed.org/graph/fredgraph.csv?id=EXSDUS&fq=Quarterly&fam=avg&cosd=1995-01-01
2018Q3,SEK,0.11180555,EXSDUS,8.9441,https://fred.stlouisfed.org/graph/fredgraph.csv?id=EXSDUS&fq=Quarterly&fam=avg&cosd=1995-01-01
2018Q4,SEK,0.11054976,EXSDUS,9.0457,https://fred.stlouisfed.org/graph/fredgraph.csv?id=EXSDUS&fq=Quarterly&fam=avg&cosd=1995-01-01
2019Q1,SEK,0.10894789,EXSDUS,9.1787,https://fred.stlouisfed.org/graph/fredgraph.csv?id=EXSDUS&fq=Quarterly&fam=avg&cosd=1995-01-01
2019Q2,SEK,0.10589967,EXSDUS,9.4429,https://fred.stlouisfed.org/graph/fredgraph.csv?id=EXSDUS&fq=Quarterly&fam=avg&cosd=1995-01-01
2019Q3,SEK,0.10425898,EXSDUS,9.5915,https://fred.stlouisfed.org/graph/fredgraph.csv?id=EXSDUS&fq=Quarterly&fam=avg&cosd=1995-01-01
2019Q4,SEK,0.10402904,EXSDUS,9.6127,https://fred.stlouisfed.org/graph/fredgraph.csv?id=EXSDUS&fq=Quarterly&fam=avg&cosd=1995-01-01
2020Q1,SEK,0.10329938,EXSDUS,9.6806,https://fred.stlouisfed.org/graph/fredgraph.csv?id=EXSDUS&fq=Quarterly&fam=avg&cosd=1995-01-01
2020Q2,SEK,0.10325032,EXSDUS,9.6852,https://fred.stlouisfed.org/graph/fredgraph.csv?id=EXSDUS&fq=Quarterly&fam=avg&cosd=1995-01-01
2020Q3,SEK,0.11288593,EXSDUS,8.8585,https://fred.stlouisfed.org/graph/fredgraph.csv?id=EXSDUS&fq=Quarterly&fam=avg&cosd=1995-01-01
2020Q4,SEK,0.11603351,EXSDUS,8.6182,https://fred.stlouisfed.org/graph/fredgraph.csv?id=EXSDUS&fq=Quarterly&fam=avg&cosd=1995-01-01
2021Q1,SEK,0.11917247,EXSDUS,8.3912,https://fred.stlouisfed.org/graph/fredgraph.csv?id=EXSDUS&fq=Quarterly&fam=avg&cosd=1995-01-01
2021Q2,SEK,0.11882553,EXSDUS,8.4157,https://fred.stlouisfed.org/graph/fredgraph.csv?id=EXSDUS&fq=Quarterly&fam=avg&cosd=1995-01-01
2021Q3,SEK,0.11561496,EXSDUS,8.6494,https://fred.stlouisfed.org/graph/fredgraph.csv?id=EXSDUS&fq=Quarterly&fam=avg&cosd=1995-01-01
2021Q4,SEK,0.1129701,EXSDUS,8.8519,https://fred.stlouisfed.org/graph/fredgraph.csv?id=EXSDUS&fq=Quarterly&fam=avg&cosd=1995-01-01
2022Q1,SEK,0.10712717,EXSDUS,9.3347,https://fred.stlouisfed.org/graph/fredgraph.csv?id=EXSDUS&fq=Quarterly&fam=avg&cosd=1995-01-01
2022Q2,SEK,0.10158885,EXSDUS,9.8436,https://fred.stlouisfed.org/graph/fredgraph.csv?id=EXSDUS&fq=Quarterly&fam=avg&cosd=1995-01-01
2022Q3,SEK,0.09471311,EXSDUS,10.5582,https://fred.stlouisfed.org/graph/fredgraph.csv?id=EXSDUS&fq=Quarterly&fam=avg&cosd=1995-01-01
2022Q4,SEK,0.09318796,EXSDUS,10.7310,https://fred.stlouisfed.org/graph/fredgraph.csv?id=EXSDUS&fq=Quarterly&fam=avg&cosd=1995-01-01
2023Q1,SEK,0.09577627,EXSDUS,10.4410,https://fred.stlouisfed.org/graph/fredgraph.csv?id=EXSDUS&fq=Quarterly&fam=avg&cosd=1995-01-01
2023Q2,SEK,0.09499112,EXSDUS,10.5273,https://fred.stlouisfed.org/graph/fredgraph.csv?id=EXSDUS&fq=Quarterly&fam=avg&cosd=1995-01-01
2023Q3,SEK,0.09255232,EXSDUS,10.8047,https://fred.stlouisfed.org/graph/fredgraph.csv?id=EXSDUS&fq=Quarterly&fam=avg&cosd=1995-01-01
2023Q4,SEK,0.0938879,EXSDUS,10.6510,https://fred.stlouisfed.org/graph/fredgraph.csv?id=EXSDUS&fq=Quarterly&fam=avg&cosd=1995-01-01
2024Q1,SEK,0.09616217,EXSDUS,10.3991,https://fred.stlouisfed.org/graph/fredgraph.csv?id=EXSDUS&fq=Quarterly&fam=avg&cosd=1995-01-01
2024Q2,SEK,0.09359528,EXSDUS,10.6843,https://fred.stlouisfed.org/graph/fredgraph.csv?id=EXSDUS&fq=Quarterly&fam=avg&cosd=1995-01-01
2024Q3,SEK,0.09597574,EXSDUS,10.4193,https://fred.stlouisfed.org/graph/fredgraph.csv?id=EXSDUS&fq=Quarterly&fam=avg&cosd=1995-01-01
2024Q4,SEK,0.09266381,EXSDUS,10.7917,https://fred.stlouisfed.org/graph/fredgraph.csv?id=EXSDUS&fq=Quarterly&fam=avg&cosd=1995-01-01
2025Q1,SEK,0.09371808,EXSDUS,10.6703,https://fred.stlouisfed.org/graph/fredgraph.csv?id=EXSDUS&fq=Quarterly&fam=avg&cosd=1995-01-01
2025Q2,SEK,0.10352074,EXSDUS,9.6599,https://fred.stlouisfed.org/graph/fredgraph.csv?id=EXSDUS&fq=Quarterly&fam=avg&cosd=1995-01-01
2025Q3,SEK,0.10508727,EXSDUS,9.5159,https://fred.stlouisfed.org/graph/fredgraph.csv?id=EXSDUS&fq=Quarterly&fam=avg&cosd=1995-01-01
2025Q4,SEK,0.10628009,EXSDUS,9.4091,https://fred.stlouisfed.org/graph/fredgraph.csv?id=EXSDUS&fq=Quarterly&fam=avg&cosd=1995-01-01
2026Q1,SEK,0.10950624,EXSDUS,9.1319,https://fred.stlouisfed.org/graph/fredgraph.csv?id=EXSDUS&fq=Quarterly&fam=avg&cosd=1995-01-01
2026Q2,SEK,0.10682049,EXSDUS,9.3615,https://fred.stlouisfed.org/graph/fredgraph.csv?id=EXSDUS&fq=Quarterly&fam=avg&cosd=1995-01-01
